Token_ID,中文字数,总长度,字节长度,Token内容,备注
185118,11,11,31,_日本毛片免费视频观看,
181081,10,11,31, 微信公众号天天中彩票,
188394,9,10,28, 天天中彩票大神推荐,
170996,9,10,28, 微信上的天天中彩票,
187716,9,10,28, 微信里的天天中彩票,
184969,9,9,25,_日本一级特黄大片,
128031,9,9,27,久久免费热在线精品,
113125,9,9,27,大发展有限公司官网,
154809,9,9,25,无码不卡高清免费v,
177431,9,9,27,给主人留下些什么吧,
181679,8,9,21, qq的天天中彩票,
116852,8,9,25, 中国福利彩票天天,
194217,8,9,25, 全民彩票天天送钱,
172750,8,9,25, 大发快三大小单双,
187822,8,9,25, 大发快三开奖结果,
182292,8,9,19, 天天中彩票APP,
46669,8,9,19, 天天中彩票app,
144364,8,9,19, 天天中彩票nba,
153710,8,9,25, 天天中彩票一等奖,
115205,8,9,25, 天天中彩票不中返,
198105,8,9,25, 天天中彩票不能买,
75794,8,9,25, 天天中彩票中大奖,
154365,8,9,25, 天天中彩票中奖了,
118406,8,9,25, 天天中彩票为什么,
187980,8,9,25, 天天中彩票公众号,
94212,8,9,25, 天天中彩票双色球,
165019,8,9,25, 天天中彩票怎么买,
160229,8,9,25, 天天中彩票是不是,
148502,8,9,25, 天天彩票与你同行,
128309,8,9,19, 天天爱彩票app,
55935,8,9,25, 彩神争霸大发快三,
173607,8,9,25, 彩神争霸官方下载,
148388,8,9,25, 微信的天天中彩票,
155288,8,9,25, 手机上天天中彩票,
197144,8,9,25, 手机版天天中彩票,
177989,8,9,25,",最新高清无码专区",
198170,8,8,20,av不卡免费播放,
193825,8,8,24,中国特色社会主义,
89409,8,8,24,免费视频在线观看,
135504,8,8,24,公众号天天中彩票,
187810,8,8,24,在线观看中文字幕,
122712,8,8,24,无码一区二区三区,
122333,8,8,24,无码不卡高清免费,
135234,8,8,24,最新高清无码专区,
125694,8,8,24,毛片免费视频观看,
162877,8,8,24,毛片高清免费视频,
176039,8,8,24,精品一区二区三区,
71311,7,8,18, qq天天中彩票,
151112,7,8,22, 全民彩票天天送,
191179,7,8,22, 大发快三怎么看,
160131,7,8,22, 大发快三是不是,
186348,7,8,22, 大发快三是什么,
160029,7,8,22, 大发快三是国家,
187516,7,8,22, 大发快三走势图,
135161,7,8,22, 大发时时彩开奖,
149168,7,8,22, 大发时时彩怎么,
128600,7,8,22, 大发时时彩计划,
173182,7,8,18, 天天中彩票qq,
79752,7,8,22, 天天中彩票不能,
83407,7,8,22, 天天中彩票中了,
40492,7,8,22, 天天中彩票中奖,
177861,7,8,22, 天天中彩票人工,
178030,7,8,22, 天天中彩票任选,
197077,7,8,22, 天天中彩票充值,
134156,7,8,22, 天天中彩票公司,
187308,7,8,22, 天天中彩票出票,
75025,7,8,22, 天天中彩票可以,
160348,7,8,22, 天天中彩票在哪,
94064,7,8,22, 天天中彩票大奖,
78782,7,8,22, 天天中彩票如何,
164429,7,8,22, 天天中彩票官方,
102317,7,8,22, 天天中彩票官网,
134796,7,8,22, 天天中彩票实名,
152887,7,8,22, 天天中彩票开奖,
196469,7,8,22, 天天中彩票彩金,
53542,7,8,22, 天天中彩票微信,
26064,7,8,22, 天天中彩票怎么,
134950,7,8,22, 天天中彩票怎样,
133517,7,8,22, 天天中彩票投注,
123662,7,8,22, 天天中彩票提款,
34755,7,8,22, 天天中彩票提现,
148997,7,8,22, 天天中彩票无法,
138053,7,8,22, 天天中彩票有人,
116381,7,8,22, 天天中彩票派奖,
88493,7,8,22, 天天中彩票篮球,
160267,7,8,22, 天天中彩票网站,
180651,7,8,22, 天天中彩票网络,
196894,7,8,22, 天天中彩票腾讯,
104796,7,8,22, 天天中彩票足彩,
75028,7,8,22, 天天中彩票足球,
78893,7,8,22, 天天中彩票软件,
158384,7,8,22, 天天中彩票这个,
77143,7,8,22, 天天中彩票追号,
175060,7,8,22, 天天大奖彩票站,
101224,7,8,16, 天天彩票app,
177337,7,8,22, 天天彩票中大奖,
145836,7,8,22, 天天爱彩票中奖,
120521,7,8,22, 天天爱彩票怎么,
170965,7,8,22, 天天爱彩票提现,
187158,7,8,22, 天天爱彩票网站,
80495,7,8,16, 彩神争霸app,
123841,7,8,22, 彩神争霸大发快,
107055,7,8,22, 彩神争霸怎么样,
194062,7,8,22, 彩神争霸是不是,
150771,7,8,22, 彩神争霸电脑版,
49649,7,8,22, 彩神争霸邀请码,
35705,7,8,22, 微信天天中彩票,
81394,7,8,22, 手机天天中彩票,
165024,7,8,22, 海南天天中彩票,
155368,7,8,22, 福利彩票天天彩,
86083,7,8,22, 腾讯天天中彩票,
185991,7,8,22, 高频彩大发快三,
166945,7,7,15,_北京赛车pk,
134370,7,7,21,一本道高清无码,
138985,7,7,21,下载安装到手机,
155245,7,7,21,中华人民共和国,
136840,7,7,21,久久综合久久爱,
194489,7,7,21,夫妻性生活影片,
193339,7,7,21,彩彩票与你同行,
160540,7,7,21,彩神争霸邀请码,
182584,7,7,21,热这里只有精品,
129032,7,7,21,高清毛片在线看,
166783,6,7,17, 一级a做爰片,
160344,6,7,19, 中国福利彩票,
178597,6,7,19, 久久精品国产,
189467,6,7,19, 亚洲男人天堂,
191383,6,7,19, 体育彩票天天,
99547,6,7,19, 全民彩票天天,
131991,6,7,15, 北京pk赛车,
74665,6,7,15, 北京赛车pk,
171117,6,7,19, 北京赛车冠军,
170835,6,7,19, 北京赛车女郎,
161007,6,7,19, 北京赛车如何,
119247,6,7,19, 北京赛车开奖,
160238,6,7,19, 北京赛车微信,
104937,6,7,19, 北京赛车怎么,
199053,6,7,19, 北京赛车投注,
113915,6,7,19, 北京赛车计划,
112399,6,7,19, 在天天中彩票,
78249,6,7,19, 大发彩票官网,
162772,6,7,19, 大发彩票快三,
115319,6,7,19, 大发快三和值,
170426,6,7,19, 大发快三如何,
143802,6,7,19, 大发快三官网,
99813,6,7,19, 大发快三开奖,
88128,6,7,19, 大发快三彩票,
95565,6,7,19, 大发快三怎么,
136533,6,7,19, 大发快三计划,
144879,6,7,19, 大发快三豹子,
74929,6,7,19, 大发时时彩是,
101303,6,7,19, 大发游戏官网,
89373,6,7,19, 天天中奖彩票,
127753,6,7,19, 天天中彩票上,
139045,6,7,19, 天天中彩票不,
32023,6,7,19, 天天中彩票中,
97295,6,7,19, 天天中彩票买,
164366,6,7,19, 天天中彩票会,
120154,6,7,19, 天天中彩票和,
184525,6,7,19, 天天中彩票在,
30315,6,7,19, 天天中彩票是,
45876,6,7,19, 天天中彩票有,
171321,6,7,19, 天天中彩票未,
51693,6,7,19, 天天中彩票的,
153589,6,7,19, 天天中彩票粤,
86060,6,7,19, 天天中彩票网,
66799,6,7,19, 天天中彩票能,
166895,6,7,19, 天天中彩票被,
178257,6,7,19, 天天中彩票谁,
199630,6,7,19, 天天乐购彩票,
81094,6,7,19, 天天彩票中奖,
101019,6,7,19, 天天彩票怎么,
159659,6,7,19, 天天彩票提现,
196638,6,7,19, 天天彩票软件,
72472,6,7,19, 天天爱彩票是,
168647,6,7,19, 天天送钱彩票,
155188,6,7,19, 彩神争霸下载,
129515,6,7,19, 彩神争霸代理,
167551,6,7,19, 彩神争霸充值,
131436,6,7,19, 彩神争霸可以,
70506,6,7,19, 彩神争霸大发,
188009,6,7,19, 彩神争霸如何,
186409,6,7,19, 彩神争霸安卓,
174695,6,7,19, 彩神争霸官方,
83405,6,7,19, 彩神争霸官网,
129350,6,7,19, 彩神争霸平台,
144785,6,7,19, 彩神争霸快三,
52633,6,7,19, 彩神争霸怎么,
106222,6,7,19, 彩神争霸提现,
181188,6,7,19, 彩神争霸破解,
156153,6,7,19, 彩神争霸网站,
117123,6,7,19, 彩神争霸苹果,
172636,6,7,19, 彩神争霸输钱,
134263,6,7,19, 微信天天彩票,
153033,6,7,19, 手机天天彩票,
143226,6,7,19, 生命周期函数,
70805,6,7,19, 福利彩票天天,
198989,6,7,19, 重庆时时彩彩,
187784,6,7,19, 重庆时时彩杀,
141777,6,7,19, 重庆时时彩的,
137606,6,6,16,_植物百科通,
34342,6,6,18,一区二区三区,
95335,6,6,18,一级特黄大片,
122156,6,6,18,下载彩神争霸,
135323,6,6,18,不卡免费播放,
180660,6,6,18,中文字幕在线,
175645,6,6,18,中文字幕无码,
132560,6,6,18,久久国产视频,
184694,6,6,18,久久综合久久,
188772,6,6,18,买天天中彩票,
184003,6,6,18,人片在线观看,
180574,6,6,18,免费人成视频,
177689,6,6,18,免费在线观看,
136710,6,6,18,免费观看视频,
102670,6,6,18,免费视频观看,
117836,6,6,18,免费资料大全,
107765,6,6,14,北京赛车pk,
173836,6,6,18,北京赛车计划,
92219,6,6,18,和天天中彩票,
105303,6,6,18,在天天中彩票,
198332,6,6,18,在线精品视频,
128539,6,6,18,在线观看免费,
107781,6,6,18,在线观看视频,
195091,6,6,18,在线视频精品,
138258,6,6,18,在线视频观看,
174322,6,6,18,娱乐官方网站,
198041,6,6,18,娱乐平台主管,
199166,6,6,18,娱乐平台开户,
179880,6,6,18,娱乐平台招商,
173342,6,6,18,娱乐平台注册,
196917,6,6,18,娱乐彩票注册,
138225,6,6,18,开奖现场直播,
128805,6,6,18,开奖结果查询,
104372,6,6,18,彩票大发快三,
199143,6,6,18,彩票娱乐注册,
199943,6,6,18,彩票平台开户,
180407,6,6,18,彩票平台招商,
140166,6,6,18,彩票平台注册,
184811,6,6,18,彩网大发快三,
186863,6,6,18,手机在线观看,
126418,6,6,18,无码中文字幕,
114900,6,6,18,最新高清无码,
70743,6,6,18,有限公司官网,
146082,6,6,18,棋牌游戏官网,
162657,6,6,18,毛片免费观看,
114332,6,6,18,电影在线观看,
140893,6,6,18,留下些什么吧,
36308,6,6,18,的天天中彩票,
91244,6,6,18,福利彩票天天,
186005,6,6,18,网站免费观看,
86301,6,6,18,视频免费观看,
95376,6,6,18,视频在线播放,
31385,6,6,18,视频在线观看,
89721,6,6,18,这里只有精品,
134038,6,6,18,高清免费视频,
182251,6,6,18,高清在线观看,
176360,6,6,18,高清视频免费,
196834,6,6,18,黄色录像影片,
157965,5,6,16, 亚历山大发,
196877,5,6,16, 人人中彩票,
137369,5,6,16, 北京赛车前,
125367,5,6,16, 北京赛车女,
167278,5,6,16, 北京赛车开,
125946,5,6,16, 北京赛车有,
122693,5,6,16, 北京赛车的,
149361,5,6,16, 北京赛车群,
184241,5,6,16, 北京赛车能,
104578,5,6,16, 大发分分彩,
195213,5,6,16, 大发彩票网,
46373,5,6,16, 大发快三是,
124420,5,6,16, 大发快三有,
109323,5,6,16, 大发快三的,
12284,5,6,16, 大发时时彩,
2783,5,6,16, 天天中彩票,
81506,5,6,16, 天天乐彩票,
40266,5,6,16, 天天买彩票,
109993,5,6,16, 天天彩票是,
51944,5,6,16, 天天彩票网,
11301,5,6,16, 天天爱彩票,
188092,5,6,16, 天天种彩票,
136303,5,6,16, 天天购彩票,
53179,5,6,16, 天天赢彩票,
185184,5,6,16, 天天送彩票,
101241,5,6,16, 彩神争霸快,
50020,5,6,16, 彩神争霸是,
67947,5,6,16, 彩神争霸有,
98909,5,6,16, 彩神争霸的,
77511,5,6,16, 彩神争霸能,
137002,5,6,16, 彩神争霸高,
132455,5,6,16, 彩票天天乐,
164608,5,6,16, 新天天彩票,
187540,5,6,16, 日本一本道,
172792,5,6,16, 时时彩平台,
122234,5,6,16, 玩北京赛车,
104170,5,6,16, 玩大发快三,
127733,5,6,16, 玩彩神争霸,
186647,5,6,16, 申博太阳城,
42782,5,6,16, 腾讯分分彩,
92481,5,6,16, 菲律宾申博,
8656,5,6,16, 重庆时时彩,
75874,5,6,16, 香港六合彩,
170040,5,6,16, 香港赛马会,
199410,5,6,16,+天天中彩票,
192014,5,5,13,_中文字幕,
100316,5,5,9,_北京pk,
59859,5,5,9,app下载,
188604,5,5,9,bet体育,
79836,5,5,9,bet官网,
121138,5,5,15,“一带一路,
86435,5,6,18,《凤凰大参考,
107417,5,5,15,下载安装到,
126655,5,5,15,不了怎么办,
124247,5,5,15,久久久久久,
177625,5,5,15,久久综合网,
177530,5,5,15,人人摸人人,
180538,5,5,15,人人爽人人,
150804,5,5,15,人民共和国,
69642,5,5,15,凤凰大参考,
153683,5,5,15,分分彩计划,
166480,5,5,15,北京赛车群,
152476,5,5,15,可以提现吗,
167732,5,5,15,在线大香蕉,
54007,5,5,15,大发时时彩,
124870,5,5,15,大奖彩票站,
119342,5,5,15,大香蕉伊人,
8089,5,5,15,天天中彩票,
81700,5,5,15,天天买彩票,
170421,5,5,15,天天好彩票,
179025,5,5,15,天天彩票网,
39311,5,5,15,天天爱彩票,
177350,5,5,15,夫妻性生活,
124945,5,5,15,娱乐总代理,
96061,5,5,15,客户端下载,
157011,5,5,15,市场部联系,
185996,5,5,15,平台可靠吗,
153443,5,5,15,平台总代理,
155545,5,5,15,彩大发快三,
88200,5,5,15,彩娱乐平台,
129320,5,5,15,彩娱乐彩票,
136994,5,5,15,彩彩票娱乐,
115584,5,5,15,彩彩票平台,
143154,5,5,9,彩票app,
185064,5,5,15,彩票总代理,
179951,5,5,15,微信公众号,
187751,5,5,15,总代理联系,
131402,5,5,15,手机客户端,
120958,5,5,15,手机版下载,
175988,5,5,15,手机版官网,
184416,5,5,15,新能源汽车,
114062,5,5,15,时时彩官网,
58814,5,5,15,时时彩平台,
87742,5,5,15,时时彩开奖,
189234,5,5,15,时时彩计划,
86588,5,5,15,是什么意思,
189252,5,5,15,是合法的吗,
123536,5,5,15,是正规的吗,
143198,5,5,15,是真的假的,
87897,5,5,15,期开奖结果,
134329,5,5,15,植物百科通,
185946,5,5,15,波多野结衣,
197770,5,5,15,热久久精品,
117448,5,5,15,热在线精品,
189302,5,5,15,片在线播放,
63881,5,5,15,片在线观看,
144532,5,5,15,玩北京赛车,
183298,5,5,15,玩大发快三,
173583,5,5,15,玩彩神争霸,
103643,5,5,15,男人的天堂,
140892,5,5,15,留下些什么,
152523,5,5,15,的天天彩票,
149158,5,5,15,的棋牌游戏,
194996,5,5,15,网址是多少,
123861,5,5,15,腾讯分分彩,
193605,5,5,15,解绑银行卡,
186749,5,5,15,软件合法吗,
173028,5,5,15,这里只精品,
7147,5,5,15,重庆时时彩,
165349,4,5,9, ag真人,
151934,4,5,9, pc蛋蛋,
187678,4,5,9, qq彩票,
183553,4,5,13, 丁香五月,
166703,4,5,13, 上海天天,
51430,4,5,13, 中文字幕,
145556,4,5,13, 久久精品,
99494,4,5,9, 亚洲AV,
172813,4,5,9, 亚洲av,
139007,4,5,13, 亚洲人成,
116320,4,5,13, 亚洲国产,
198524,4,5,13, 亚洲日韩,
91442,4,5,13, 亚洲欧美,
139701,4,5,13, 亚洲精品,
195285,4,5,13, 体育彩票,
144866,4,5,13, 免费观看,
193592,4,5,13, 全民彩票,
61874,4,5,9, 北京pk,
4757,4,5,13, 北京赛车,
95221,4,5,13, 发布时间,
121795,4,5,13, 国产成人,
53332,4,5,13, 国产精品,
115939,4,5,13, 在线观看,
122985,4,5,9, 大发pk,
183511,4,5,13, 大发娱乐,
72587,4,5,13, 大发官网,
31034,4,5,13, 大发彩票,
6786,4,5,13, 大发快三,
171886,4,5,13, 大发扑克,
120036,4,5,13, 大发极速,
192700,4,5,13, 大发棋牌,
166260,4,5,13, 大发游戏,
7508,4,5,13, 天天彩票,
122421,4,5,13, 天天送钱,
148077,4,5,13, 奇米影视,
197428,4,5,13, 威尼斯人,
73731,4,5,13, 幸运飞艇,
122516,4,5,13, 开元棋牌,
4230,4,5,13, 彩神争霸,
47989,4,5,13, 彩票天天,
22640,4,5,13, 彩经彩票,
182638,4,5,13, 影音先锋,
103100,4,5,13, 快三大发,
161748,4,5,13, 手机上的,
167632,4,5,13, 手机看片,
178398,4,5,9, 无码av,
104658,4,5,13, 时时彩后,
191658,4,5,13, 更新时间,
185577,4,5,13, 极速赛车,
133374,4,5,13, 棋牌游戏,
158785,4,5,13, 欧美日韩,
154195,4,5,13, 版权所有,
140999,4,5,13, 生命周期,
190126,4,5,13, 电子游戏,
54466,4,5,13, 神彩争霸,
119358,4,5,13, 福利彩票,
143977,4,5,13, 精品国产,
179947,4,5,13, 网易彩票,
164084,4,5,13, 老时时彩,
159878,4,5,13, 苹果手机,
133892,4,5,13, 送料無料,
169449,4,5,13, 重庆时时,
108576,4,8,22, 風吹けば名無し,
87174,4,5,13, 香港马会,
138709,4,5,13,",中文字幕",
174480,4,4,8,AV在线,
137050,4,4,8,AV无码,
101270,4,4,8,AV视频,
132299,4,4,10,A级毛片,
105094,4,4,6,ICP备,
147058,4,10,24,VIPがお送りします,
105442,4,4,10,_一本道,
165531,4,4,10,_久久爱,
165423,4,4,10,_人人碰,
162276,4,4,10,_天天啪,
134164,4,4,8,av无码,
199969,4,4,8,av电影,
24383,4,4,12,一区二区,
110595,4,4,12,一级毛片,
82873,4,4,12,一级特黄,
128117,4,4,12,一肖中特,
182300,4,4,12,丁香五月,
40204,4,4,12,下载安装,
198590,4,4,12,不卡无码,
121143,4,4,12,不能为空,
134754,4,4,12,不能提现,
64636,4,4,12,与你同行,
158457,4,4,12,与此同时,
160030,4,4,12,专题推荐,
193298,4,4,12,东方心经,
142555,4,4,12,个百分点,
193746,4,4,12,中了大奖,
172903,4,4,12,中国特色,
169195,4,6,18,中央値との差,
76304,4,4,12,中奖彩票,
158633,4,4,12,中心官网,
15120,4,4,12,中文字幕,
127294,4,4,12,中文无码,
158559,4,4,12,中文日韩,
52204,4,4,12,久久久久,
103083,4,4,12,久久免费,
93151,4,4,12,久久国产,
77283,4,4,12,久久精品,
59118,4,4,12,久久综合,
148081,4,4,12,了一等奖,
102647,4,4,12,五月丁香,
107747,4,4,12,五月婷婷,
193819,4,4,8,亚洲AV,
169165,4,4,12,亚洲国产,
151094,4,4,12,亚洲日韩,
112400,4,4,12,亚洲欧美,
99958,4,4,12,亚洲精品,
123788,4,4,12,亚洲综合,
110072,4,4,12,亚洲视频,
132318,4,4,12,人工计划,
182966,4,4,12,人民日报,
113836,4,4,12,人體藝術,
119963,4,4,12,什么意思,
82956,4,4,12,什么时候,
173782,4,4,12,仕事内容,
134836,4,4,12,代理娱乐,
164015,4,4,12,以下简称,
175294,4,4,12,伦理电影,
135022,4,4,12,体育在线,
156951,4,4,12,体育官网,
75740,4,4,12,体育彩票,
69216,4,4,12,体育投注,
152144,4,4,12,偷拍自拍,
129897,4,4,12,偷拍视频,
166311,4,4,12,先锋影音,
195452,4,4,12,免责声明,
111934,4,4,12,免费下载,
107156,4,4,12,免费人成,
152580,4,4,12,免费提现,
71694,4,4,12,免费播放,
198872,4,4,12,免费无码,
126169,4,4,12,免费网站,
20585,4,4,12,免费观看,
19391,4,4,12,免费视频,
145507,4,4,12,免费资料,
155093,4,4,12,免费高清,
138134,4,4,12,全天计划,
167521,4,4,12,公开视频,
62333,4,4,12,分时时彩,
179843,4,4,12,助赢软件,
60025,4,4,8,北京pk,
175647,4,4,12,北京时间,
13492,4,4,12,北京赛车,
93625,4,4,12,午夜福利,
199558,4,4,12,博彩公司,
129529,4,4,12,历山大发,
134111,4,4,12,友情链接,
195391,4,4,12,发布日期,
51174,4,4,12,发布时间,
162517,4,4,12,发表评论,
185659,4,4,12,变态另类,
148443,4,4,12,另一方面,
198961,4,4,12,只有精品,
105541,4,4,12,合法的吗,
169047,4,4,12,哪个公司,
170263,4,4,12,営業時間,
55204,4,4,12,国产精品,
149462,4,4,12,国产综合,
107906,4,4,12,国产自拍,
86181,4,4,12,国际娱乐,
166427,4,4,12,国际彩票,
183705,4,4,12,图片大全,
183842,4,4,12,在哪里买,
147297,4,4,12,在線觀看,
127176,4,4,8,在线av,
142755,4,4,12,在线不卡,
149794,4,4,12,在线国产,
75122,4,4,12,在线影院,
24199,4,4,12,在线播放,
131711,4,4,12,在线电影,
119789,4,4,12,在线看片,
61762,4,4,12,在线精品,
9499,4,4,12,在线观看,
17728,4,4,12,在线视频,
139796,4,4,12,在线计划,
157521,4,4,12,在线试听,
186726,4,4,12,地产官网,
107218,4,4,12,备用网址,
194446,4,4,12,多久到账,
120426,4,4,12,多野结衣,
90337,4,4,12,大发官网,
188000,4,4,12,大发彩票,
15892,4,4,12,大发快三,
84785,4,4,12,大小单双,
190316,4,4,12,大小规律,
75738,4,4,12,大神推荐,
188700,4,4,12,大香线蕉,
147298,4,4,12,大香蕉网,
197566,4,4,12,天天中奖,
144412,4,4,12,天天好彩,
16912,4,4,12,天天彩票,
162052,4,4,12,天空彩票,
51583,4,4,12,奇米影视,
138160,4,4,12,威尼斯人,
139104,4,4,12,娱乐下载,
81406,4,4,12,娱乐主管,
92833,4,4,12,娱乐代理,
112057,4,4,12,娱乐国际,
54400,4,4,12,娱乐官网,
17661,4,4,12,娱乐平台,
92134,4,4,12,娱乐开号,
65017,4,4,12,娱乐开户,
23202,4,4,12,娱乐彩票,
89019,4,4,12,娱乐总代,
69462,4,4,12,娱乐招商,
39213,4,4,12,娱乐注册,
111701,4,4,12,娱乐登录,
186831,4,4,12,娱乐登陆,
79871,4,4,12,娱乐直属,
114834,4,4,12,娱乐网址,
174916,4,4,12,娱乐网站,
140314,4,4,12,娱乐赚钱,
116964,4,4,12,婷婷五月,
66103,4,4,12,官方下载,
144147,4,4,12,官方网址,
26447,4,4,12,官方网站,
98760,4,4,12,官网下载,
137324,4,4,12,官网娱乐,
113480,4,4,12,官网开户,
199070,4,4,12,官网登录,
90716,4,4,12,实名认证,
63839,4,4,12,客服电话,
122067,4,4,12,客服联系,
186122,4,4,12,工作人员,
88144,4,4,12,平台主管,
95512,4,4,12,平台代理,
93549,4,4,12,平台官网,
80139,4,4,12,平台开号,
78708,4,4,12,平台开户,
87101,4,4,12,平台总代,
71096,4,4,12,平台招商,
63612,4,4,12,平台注册,
79103,4,4,12,平台直属,
141959,4,4,12,平特一肖,
199866,4,4,12,幸运飞艇,
57260,4,4,12,开号地址,
53596,4,4,12,开号网址,
53747,4,4,12,开号链接,
61647,4,4,12,开奖号码,
80938,4,4,12,开奖现场,
78698,4,4,12,开奖直播,
19903,4,4,12,开奖结果,
63853,4,4,12,开奖记录,
44319,4,4,12,开户地址,
139691,4,4,12,开户注册,
42145,4,4,12,开户网址,
42999,4,4,12,开户链接,
95338,4,4,12,当前位置,
3847,4,4,12,彩神争霸,
123206,4,4,12,彩票下载,
95190,4,4,12,彩票主管,
136829,4,4,12,彩票代理,
22754,4,4,12,彩票天天,
27117,4,4,12,彩票娱乐,
65767,4,4,12,彩票官网,
19850,4,4,12,彩票平台,
95264,4,4,12,彩票开号,
121224,4,4,12,彩票开奖,
79695,4,4,12,彩票开户,
90705,4,4,12,彩票总代,
77398,4,4,12,彩票招商,
63060,4,4,12,彩票注册,
178983,4,4,12,彩票登录,
94947,4,4,12,彩票直属,
125139,4,4,12,彩票网址,
113797,4,4,12,彩票网站,
159747,4,4,12,彩票计划,
199831,4,4,12,彩票论坛,
124946,4,4,12,彩票软件,
76757,4,4,12,彩经彩票,
32064,4,4,12,影音先锋,
185282,4,4,12,微信提现,
163480,4,4,12,微信零钱,
199760,4,4,12,微软雅黑,
66943,4,4,12,心水论坛,
164459,4,4,12,怎么下载,
113672,4,4,12,怎么领取,
97399,4,4,12,怎么领奖,
154546,4,4,12,成人电影,
185880,4,4,12,成人视频,
184345,4,4,12,手机下载,
98600,4,4,12,手机在线,
178107,4,4,12,手机官网,
136572,4,4,12,手机看片,
167426,4,4,12,手游官网,
155706,4,4,12,投注平台,
154891,4,4,12,投注技巧,
56377,4,4,12,招商主管,
113169,4,4,12,招商总代,
145059,4,4,12,数据显示,
123912,4,4,12,文章来源,
147008,4,4,8,无码AV,
104069,4,4,8,无码av,
75194,4,4,12,无码不卡,
82385,4,4,12,无码专区,
190203,4,4,12,无码亚洲,
132412,4,4,12,无码视频,
141295,4,4,12,无码高清,
109796,4,4,12,日韩在线,
185998,4,4,12,日韩欧美,
119022,4,4,12,早点加盟,
107815,4,4,12,早餐加盟,
138549,4,4,12,是否合法,
133333,4,4,12,是多少钱,
134175,4,4,12,是真是假,
181090,4,4,12,是真的么,
34601,4,4,12,是真的吗,
128187,4,4,12,更新时间,
101799,4,4,12,最新地址,
184515,4,4,12,最新网址,
197727,4,4,12,最新评论,
39202,4,4,12,有限公司,
167519,4,4,12,服务热线,
174505,4,4,12,期开什么,
177766,4,4,12,查看更多,
166412,4,4,12,株式会社,
167951,4,4,12,棋牌官网,
34651,4,4,12,棋牌游戏,
134222,4,4,12,植物百科,
198627,4,4,12,欧美日韩,
77712,4,4,12,正规的吗,
184747,4,4,12,永久免费,
45029,4,4,12,注册地址,
43482,4,4,12,注册网址,
45709,4,4,12,注册链接,
183960,4,4,12,游戏下载,
49762,4,4,12,游戏官网,
68796,4,4,12,游戏平台,
87425,4,4,12,版权所有,
195170,4,4,12,猜你喜欢,
176219,4,4,12,现场直播,
136361,4,4,12,生命周期,
100760,4,4,12,电子游戏,
113702,4,4,12,电影网站,
179694,4,4,12,电话号码,
88614,4,4,12,男人天堂,
153964,4,4,12,的邀请码,
143138,4,4,12,监听页面,
190827,4,4,12,相关推荐,
119020,4,4,12,相关文章,
169312,4,4,12,相关新闻,
149095,4,4,12,相关阅读,
86518,4,4,12,真的假的,
124100,4,4,12,社会主义,
56012,4,4,12,福利彩票,
107564,4,4,12,福利视频,
136751,4,4,12,竞彩足球,
189941,4,4,12,米奇影视,
157467,4,4,12,精准计划,
45887,4,4,12,精品国产,
34844,4,4,12,精品视频,
192795,4,4,12,红黑大战,
159524,4,4,12,线上娱乐,
199612,4,4,12,经典三级,
139863,4,4,12,综合久久,
193404,4,4,12,综合在线,
182867,4,4,12,综合色啪,
160108,4,4,12,网址大全,
173889,4,4,12,网页登录,
169285,4,4,12,老时时彩,
172676,4,4,12,联系客服,
112874,4,4,12,联系我们,
120820,4,4,12,联系方式,
148516,4,4,12,联系电话,
121300,4,4,12,能提现吗,
180880,4,4,12,自拍偷拍,
171917,4,4,12,自拍视频,
184805,4,4,12,色综合网,
58610,4,4,12,视频免费,
45963,4,4,12,视频在线,
153081,4,4,12,视频大全,
116961,4,4,12,视频精品,
119170,4,4,12,视频网站,
47655,4,4,12,计划软件,
54191,4,4,12,责任编辑,
81699,4,4,12,购彩官网,
80649,4,4,12,购彩平台,
64339,4,4,12,资料大全,
187791,4,4,12,超碰在线,
154079,4,5,15,転載は禁止,
88375,4,4,12,软件下载,
195085,4,4,12,还是假的,
72066,4,4,12,这里只有,
56442,4,4,12,送料無料,
172785,4,4,12,関連記事,
116419,4,4,12,阅读全文,
133630,4,4,12,集团官网,
182267,4,4,12,青青草原,
133079,4,4,12,预测软件,
87123,4,7,21,風吹けば名無し,
112116,4,4,12,香港马会,
149001,4,4,12,骗人的吗,
164802,4,4,12,骗局揭秘,
89467,4,4,12,高手论坛,
63642,4,4,12,高清免费,
184597,4,4,12,高清在线,
48811,4,4,12,高清无码,
118965,4,4,12,高清毛片,
97291,4,4,12,高清视频,
171120,4,4,12,鲁夜夜啪,
191745,4,4,12,黄色录像,
129339,4,5,15,（责任编辑,
130531,4,5,15,，同比增长,
116935,4,5,15,＿奇米影视,
158589,4,5,15,＿影音先锋,
133011,4,5,15,￣奇米影视,
82634,4,5,15,￣影音先锋,
176246,3,4,6, qq上,
180717,3,4,10, 一分彩,
58789,3,4,10, 一本道,
113720,3,4,8, 一级a,
120409,3,4,10, 七星彩,
182455,3,4,10, 万家乐,
137991,3,4,10, 三分彩,
112589,3,4,10, 为什么,
198442,3,4,10, 久久热,
121037,3,4,10, 久久爱,
118400,3,4,10, 二四六,
53310,3,4,10, 五分彩,
134981,3,4,10, 五月天,
143783,3,4,10, 亚洲成,
142529,3,4,10, 亚洲色,
53235,3,4,10, 六合彩,
196542,3,4,10, 六和彩,
23058,3,4,10, 分分彩,
143857,3,4,10, 初始化,
103192,3,4,10, 加拿大,
39687,3,4,10, 北京快,
101747,3,4,10, 双色球,
188188,3,4,10, 发表于,
97826,3,4,10, 大乐透,
101877,3,4,10, 大发云,
35620,3,4,10, 大发快,
60858,3,4,10, 大香蕉,
141374,3,4,10, 天天中,
90606,3,4,10, 天天乐,
159661,3,4,10, 天天众,
157918,3,4,10, 天天好,
170545,3,4,10, 天天彩,
146134,3,4,10, 天天爱,
111030,3,4,10, 天天送,
126123,3,4,10, 太阳城,
81529,3,4,10, 微信上,
117072,3,4,10, 微信里,
96719,3,4,10, 手机上,
104736,3,4,10, 手机版,
95350,3,4,10, 投稿日,
196070,3,4,10, 斗地主,
17740,3,4,10, 时时彩,
173330,3,4,10, 曾道人,
140398,3,4,10, 有没有,
26989,3,4,10, 江苏快,
191083,3,4,10, 澳门新,
196577,3,4,10, 痞客邦,
113938,3,4,10, 白小姐,
120823,3,4,10, 百家乐,
137018,3,4,10, 管家婆,
97379,3,4,10, 老司机,
143283,3,4,10, 老虎机,
173117,3,4,10, 色综合,
58033,3,4,10, 菲律宾,
179318,3,4,10, 铁血网,
97728,3,4,10, 青青草,
154098,3,4,10, 青青青,
170476,3,4,10, 香港六,
94795,3,4,10,",一本道",
196300,3,4,10,",久久热",
172218,3,4,10,",大香蕉",
160163,3,3,5,AV片,
184379,3,3,5,QQ群,
164144,3,3,7,_主页,
82797,3,3,7,_久久,
66467,3,3,7,_亚洲,
82844,3,3,7,_人人,
173590,3,3,7,_伊人,
96524,3,3,7,_免费,
85671,3,3,7,_国产,
172682,3,3,7,_在线,
66159,3,3,7,_天天,
51431,3,3,7,_日本,
84753,3,3,7,_欧美,
104656,3,3,7,_超碰,
190547,3,3,7,d天天,
140689,3,3,7,d彩票,
71247,3,3,5,qq群,
133394,3,3,5,re热,
156438,3,3,9,“中国,
193128,3,3,9,”活动,
148907,3,3,9,一分彩,
140087,3,3,9,一分钟,
192054,3,3,9,一本到,
26012,3,3,9,一本道,
80985,3,3,9,一等奖,
98174,3,3,7,一级a,
182856,3,3,9,一级片,
115843,3,3,9,七星彩,
160193,3,3,9,万美元,
87255,3,3,9,三分彩,
77292,3,3,9,三级片,
171574,3,3,9,上一篇,
176176,3,3,9,不中反,
67466,3,3,9,不中返,
156988,3,3,9,不了了,
178335,3,3,9,不到账,
187391,3,3,9,不卡的,
127621,3,3,9,不存在,
191235,3,3,9,不知道,
114514,3,3,9,世界杯,
130483,3,3,9,东京热,
181361,3,3,9,个平台,
53660,3,3,9,中大奖,
168698,3,3,9,中央値,
177322,3,3,9,中奖了,
2314,3,3,9,中彩票,
192789,3,3,9,中文字,
161303,3,3,9,中文版,
178035,3,3,9,中新网,
164266,3,3,9,中特网,
39865,3,3,9,为什么,
86532,3,3,9,久久久,
107505,3,3,9,久久热,
43374,3,3,9,久久爱,
129629,3,3,9,久在线,
46184,3,3,9,乐彩票,
73783,3,3,9,习近平,
22385,3,3,9,买彩票,
123560,3,3,9,乱子伦,
196279,3,3,9,了解到,
133683,3,3,9,事实上,
161690,3,3,9,二分彩,
159603,3,3,9,二等奖,
92103,3,3,9,二维码,
64292,3,3,9,互联网,
20827,3,3,9,五分彩,
45685,3,3,9,五月天,
167319,3,3,9,亚洲区,
138005,3,3,9,亚洲色,
135400,3,3,9,些什么,
65172,3,3,9,交流群,
100560,3,3,9,人人摸,
113014,3,3,9,人人操,
146556,3,3,9,人人澡,
98617,3,3,9,人人爽,
108558,3,3,9,人人看,
120329,3,3,9,人人碰,
81457,3,3,9,人民币,
152278,3,3,9,人民网,
78307,3,3,9,亿美元,
177028,3,3,9,伦理片,
110882,3,3,9,体验金,
125052,3,3,9,作弊器,
88920,3,3,9,俄罗斯,
189599,3,3,9,俺也去,
77574,3,3,9,俺去也,
185485,3,3,9,俺去啦,
175828,3,3,9,做代理,
83360,3,3,9,做爰片,
99365,3,3,9,元棋牌,
138534,3,3,9,免费的,
91030,3,3,9,免费看,
173560,3,3,9,免费线,
194388,3,3,9,党中央,
121042,3,3,9,全过程,
54029,3,3,9,公众号,
96447,3,3,9,公司的,
29205,3,3,9,六合彩,
164542,3,3,9,共中央,
160208,3,3,9,共产党,
140209,3,3,9,共和国,
94605,3,3,9,关键词,
177085,3,3,9,养老金,
69622,3,3,9,凤凰大,
159725,3,3,9,出版社,
81859,3,3,5,分pk,
108795,3,3,9,分享到,
15319,3,3,9,分分彩,
116022,3,3,9,分快三,
161118,3,3,9,分钟前,
139066,3,3,9,初始化,
195854,3,3,9,刷流水,
169189,3,3,9,前年差,
166183,3,3,9,前年比,
164805,3,3,9,副书记,
122260,3,3,9,办公室,
151838,3,3,9,加勒比,
162120,3,3,9,加拿大,
128727,3,3,9,动态图,
128779,3,3,9,勤務地,
141026,3,3,9,北京市,
172011,3,3,9,北京快,
193703,3,3,9,北海道,
108107,3,3,9,博娱乐,
92937,3,3,9,原标题,
29384,3,3,9,双色球,
142629,3,3,9,发展的,
119740,3,3,9,发彩票,
98566,3,3,9,发表于,
195615,3,3,9,叫什么,
144002,3,3,9,可以买,
69079,3,3,9,可信吗,
47420,3,3,9,可靠吗,
182772,3,3,9,合法么,
31689,3,3,9,合法吗,
120449,3,3,9,哪个好,
179324,3,3,9,哪里的,
134690,3,3,9,啪啪啪,
191236,3,3,9,四不像,
117937,3,3,9,国务院,
125924,3,3,9,图片区,
146038,3,3,9,在人线,
40305,3,3,9,在哪里,
144536,3,3,7,在线a,
35075,3,3,9,在线看,
179470,3,3,9,在那里,
138892,3,3,9,处理中,
160842,3,3,9,多少期,
77207,3,3,9,多少钱,
114914,3,3,9,多野结,
113981,3,3,9,夜夜啪,
106079,3,3,9,大乐透,
86215,3,3,9,大发展,
46675,3,3,9,大发快,
156213,3,3,9,大发电,
147033,3,3,9,大奖吗,
27392,3,3,9,大香蕉,
152675,3,3,9,天下彩,
143964,3,3,9,天堂网,
114936,3,3,9,天天啪,
93829,3,3,9,天天好,
163846,3,3,9,天天射,
192095,3,3,9,天天爱,
186012,3,3,9,天天看,
182348,3,3,9,天天送,
57786,3,3,9,太阳城,
120917,3,3,9,委员会,
65905,3,3,9,娱乐场,
47977,3,3,9,娱乐城,
130941,3,3,9,娱乐网,
93036,3,3,9,字符串,
44440,3,3,9,安全吗,
93954,3,3,9,安卓版,
80237,3,3,9,完整版,
103679,3,3,9,官方网,
109386,3,3,9,官方群,
166790,3,3,9,官网吗,
119601,3,3,9,官网群,
159171,3,3,9,定位胆,
184585,3,3,9,实际上,
36043,3,3,9,客户端,
186763,3,3,9,家公司,
176509,3,3,9,小时前,
58050,3,3,9,小游戏,
169699,3,3,9,小游戲,
188686,3,3,9,就是说,
96635,3,3,9,尼斯人,
96195,3,3,9,山大发,
196780,3,3,9,州扑克,
177151,3,3,9,工作的,
92999,3,3,9,带一路,
168396,3,5,15,平均との差,
97079,3,3,9,平方米,
170076,3,3,9,年以上,
189747,3,3,9,年以来,
189936,3,3,9,开什么,
190882,3,3,9,开奖号,
132821,3,3,9,开奖吗,
139634,3,3,9,式会社,
51990,3,3,9,彩争霸,
183019,3,3,9,彩在线,
36170,3,3,9,彩娱乐,
33895,3,3,9,彩平台,
37245,3,3,9,彩彩票,
195687,3,3,9,彩注册,
154263,3,3,9,彩票吗,
92518,3,3,9,彩票站,
33773,3,3,9,彩票网,
76891,3,3,9,微信群,
175000,3,3,9,忘初心,
73355,3,3,9,怎么买,
50182,3,3,9,怎么办,
34633,3,3,9,怎么样,
39912,3,3,9,怎么玩,
64997,3,3,9,怎么看,
162020,3,3,9,怎么算,
44620,3,3,9,怎么领,
128553,3,3,9,性生活,
167885,3,3,9,总书记,
30559,3,3,9,总代理,
112654,3,3,9,情况下,
192961,3,3,9,意味着,
149221,3,3,9,成年人,
155930,3,3,9,我们的,
160933,3,3,9,房地产,
177091,3,3,9,所在地,
143821,3,3,9,手机号,
26618,3,3,9,手机版,
138595,3,3,9,手续费,
155513,3,3,9,打一肖,
132141,3,3,9,打不开,
121929,3,3,9,扫一扫,
172249,3,3,9,投注站,
176230,3,3,9,投稿日,
178380,3,3,9,报记者,
152615,3,3,9,报道称,
198711,3,3,9,据了解,
117364,3,3,9,排行榜,
44612,3,3,9,提现吗,
91735,3,3,9,播放器,
107827,3,3,9,支付宝,
108009,3,3,9,数据库,
73983,3,3,9,斗地主,
92935,3,3,9,新华社,
120071,3,3,9,新时代,
112598,3,3,9,新能源,
92869,3,3,9,新闻网,
191014,3,3,9,族自治,
176950,3,3,9,旗舰厅,
79263,3,3,9,无遮挡,
100295,3,3,9,日上午,
101261,3,3,9,日下午,
117137,3,3,9,日报道,
165287,3,3,9,日日啪,
183126,3,3,9,日消息,
3634,3,3,9,时时彩,
121107,3,3,9,是不是,
25923,3,3,9,是什么,
52233,3,3,9,是多少,
49198,3,3,9,是真的,
197737,3,3,9,曾道人,
190330,3,3,9,最大的,
103377,3,3,9,最新版,
90397,3,3,9,有什么,
100680,3,3,9,有哪些,
111014,3,3,9,有没有,
189103,3,3,9,朋友圈,
104367,3,3,9,服务器,
190148,3,3,9,期六合,
132795,3,3,9,期开奖,
191344,3,3,9,期必中,
116786,3,3,9,期特码,
191801,3,3,9,期资料,
158383,3,3,9,期香港,
194487,3,3,9,本港台,
115682,3,3,9,机动车,
134453,3,3,9,机器人,
143195,3,3,9,机官网,
123558,3,3,9,東京都,
61441,3,3,9,正规吗,
177335,3,3,9,正规的,
139050,3,3,9,此同时,
102103,3,3,9,江苏快,
172567,3,3,9,注册码,
78693,3,3,9,注册送,
168095,3,3,9,派奖中,
141526,3,3,9,消费者,
156175,3,3,9,炸金花,
141082,3,3,9,热视频,
9959,3,3,9,爱彩票,
161031,3,3,9,特朗普,
156308,3,3,9,犯法吗,
169257,3,3,9,狠狠干,
183605,3,3,9,狠狠爱,
121198,3,3,9,玄机图,
122917,3,3,9,王中王,
105173,3,3,9,现金网,
119681,3,3,9,用户名,
68820,3,3,9,电影网,
161467,3,3,9,电影院,
160999,3,3,9,电玩城,
48848,3,3,9,电脑版,
153078,3,3,9,电视剧,
94742,3,3,9,白小姐,
139556,3,3,9,百分点,
61686,3,3,9,百家乐,
136894,3,3,9,百科通,
116142,3,3,9,的位置,
170534,3,3,9,的信息,
169510,3,3,9,的发展,
86780,3,3,9,的天堂,
195305,3,3,9,的天天,
163496,3,3,9,的平台,
70754,3,3,9,的彩票,
183851,3,3,9,的数据,
147979,3,3,9,的方法,
133329,3,3,9,的时候,
150844,3,3,9,的网址,
93951,3,3,9,的网站,
101180,3,3,9,的视频,
181632,3,3,9,的软件,
165166,3,3,9,的重要,
140157,3,3,9,的问题,
196260,3,3,9,盈彩票,
170029,3,3,9,直营网,
143041,3,3,9,真实吗,
159133,3,3,9,真实性,
119662,3,3,9,真的吗,
184674,3,3,9,码中特,
135466,3,3,9,破解器,
91429,3,3,9,破解版,
179722,3,3,9,福彩快,
153474,3,3,9,种彩票,
199505,3,3,9,科学院,
192572,3,3,9,程序集,
93699,3,3,9,空彩票,
152253,3,3,9,第一次,
145267,3,3,9,第一页,
50462,3,3,9,第四色,
91396,3,3,9,管家婆,
155311,3,3,9,管理员,
78196,3,3,9,级毛片,
93855,3,3,9,线观看,
19987,3,3,9,经彩票,
176738,3,3,9,给主人,
39050,3,3,9,综合网,
71767,3,3,9,综合色,
187089,3,3,9,网彩票,
69934,3,3,9,网页版,
58312,3,3,9,老司机,
188414,3,3,9,老熟妇,
53424,3,3,9,老虎机,
175888,3,3,9,聊天室,
117982,3,3,9,联系人,
110991,3,3,9,肖中特,
198669,3,3,9,能买吗,
161876,3,3,9,能提现,
180623,3,3,9,自产拍,
97812,3,3,9,自己的,
157840,3,3,9,自治区,
193234,3,3,9,色情网,
49686,3,3,9,色综合,
192452,3,3,9,色视频,
85278,3,3,9,苹果版,
158290,3,3,9,菲律宾,
68867,3,3,9,蜘蛛词,
154558,3,3,9,被冻结,
100024,3,3,9,计划网,
96593,3,3,9,计划群,
188973,3,3,9,许可证,
93503,3,3,9,请输入,
152184,3,3,9,请选择,
143936,3,3,9,负责人,
68535,3,3,9,购彩票,
72178,3,3,9,资源站,
147171,3,3,9,资源网,
112292,3,3,9,赚钱吗,
155979,3,3,9,赛车场,
102436,3,3,9,赛马会,
42930,3,3,9,赢彩票,
23358,3,3,9,走势图,
197755,3,3,9,越来越,
107924,3,3,9,跑狗图,
88983,3,3,9,身份证,
156669,3,3,9,转载请,
148131,3,3,9,过程中,
107670,3,3,9,近年来,
169319,3,3,9,这样的,
127822,3,3,9,这里只,
99512,3,3,9,进一步,
199430,3,3,9,进行了,
146277,3,3,9,违法吗,
62791,3,3,9,送彩金,
189998,3,3,9,遂宁市,
22810,3,3,9,邀请码,
68193,3,3,9,部联系,
123297,3,3,9,钱怎么,
121745,3,3,9,铁算盘,
77036,3,3,9,银行卡,
56167,3,3,9,青青草,
108516,3,3,9,青青青,
166497,3,3,9,靠谱不,
159071,3,3,9,靠谱么,
39953,3,3,9,靠谱吗,
185856,3,3,9,饰官网,
104466,3,3,9,验证码,
178417,3,3,9,骗人的,
159164,3,3,9,骗局吗,
138402,3,3,9,黄大仙,
136979,3,3,9,黄网站,
132244,3,3,9,黑大战,
90041,3,3,9,黑平台,
190127,3,4,12,＿一本道,
174131,3,4,12,＿久久爱,
151785,3,4,12,＿俺去也,
99862,3,4,12,＿老司机,
171699,3,4,12,￣第四色,
4046,3,4,10,�京赛车,
193293,2,3,7, 一个,
130058,2,3,7, 一号,
129346,2,3,7, 一本,
64800,2,3,7, 一级,
178220,2,3,7, 一诺,
110273,2,3,7, 丁香,
192038,2,3,7, 七喜,
189153,2,3,7, 七彩,
114352,2,3,7, 七星,
196007,2,3,7, 万亚,
197176,2,3,7, 万利,
136256,2,3,7, 万博,
135635,2,3,7, 万国,
140232,2,3,7, 万盛,
164812,2,3,7, 三国,
193572,2,3,7, 上传,
169193,2,3,7, 上午,
61262,2,3,7, 上海,
133689,2,3,7, 下一,
95998,2,3,7, 下午,
49151,2,3,7, 下载,
158318,2,3,7, 世博,
153935,2,3,7, 世爵,
185558,2,3,7, 世界,
164007,2,3,7, 东京,
81016,2,3,7, 东方,
146340,2,3,7, 东森,
185143,2,3,7, 东臣,
37090,2,3,7, 中国,
165004,2,3,7, 中天,
83711,2,3,7, 中文,
158626,2,3,7, 丰满,
196910,2,3,7, 举报,
21771,2,3,7, 久久,
168339,2,3,7, 久游,
115063,2,3,7, 久草,
167775,2,3,7, 久赢,
178810,2,3,7, 乐丰,
191549,2,3,7, 乐亚,
168541,2,3,7, 乐友,
187374,2,3,7, 乐多,
160597,2,3,7, 乐天,
176923,2,3,7, 乐彩,
130132,2,3,7, 乐盈,
160250,2,3,7, 乐购,
188339,2,3,7, 九州,
191321,2,3,7, 亂倫,
148132,2,3,7, 云鼎,
12555,2,3,7, 亚洲,
51678,2,3,7, 亚游,
192251,2,3,7, 亚美,
176317,2,3,7, 亚豪,
140262,2,3,7, 亞洲,
133977,2,3,7, 产品,
190239,2,3,7, 京城,
180536,2,3,7, 京都,
49404,2,3,7, 人人,
75410,2,3,7, 人妻,
191439,2,3,7, 人気,
184591,2,3,7, 人體,
182398,2,3,7, 亿博,
156253,2,3,7, 亿贝,
113952,2,3,7, 什么,
173014,2,3,7, 今天,
191739,2,3,7, 今日,
133507,2,3,7, 以下,
158189,2,3,7, 仲博,
197392,2,3,7, 企业,
76154,2,3,7, 伊人,
197980,2,3,7, 众鑫,
122138,2,3,7, 优博,
188850,2,3,7, 优宝,
155664,2,3,7, 伟德,
178006,2,3,7, 传真,
128883,2,3,7, 伯爵,
155938,2,3,7, 体彩,
116430,2,3,7, 体育,
53854,2,3,7, 作者,
112235,2,3,7, 使用,
152671,2,3,7, 保存,
161559,2,3,7, 信息,
114472,2,3,7, 修改,
85933,2,3,7, 偷拍,
194358,2,3,7, 偽物,
104760,2,3,7, 免費,
32412,2,3,7, 免费,
178225,2,3,7, 全国,
149003,2,3,7, 全天,
62226,2,3,7, 全民,
111925,2,3,7, 全球,
113118,2,3,7, 公司,
164210,2,3,7, 公爵,
117418,2,3,7, 六合,
145914,2,3,7, 关于,
169864,2,3,7, 内容,
58692,2,3,7, 凤凰,
186347,2,3,7, 凯美,
175578,2,3,7, 分享,
152133,2,3,7, 分类,
80226,2,3,7, 创建,
103276,2,3,7, 删除,
191163,2,3,7, 判断,
173955,2,3,7, 利来,
185439,2,3,7, 利盛,
144336,2,3,7, 制服,
15439,2,3,7, 北京,
180666,2,3,7, 十二,
124210,2,3,7, 千禧,
72459,2,3,7, 午夜,
104297,2,3,7, 华人,
138994,2,3,7, 华夏,
181807,2,3,7, 华都,
133864,2,3,7, 卓越,
170019,2,3,7, 南京,
164646,2,3,7, 博乐,
165401,2,3,7, 博众,
173070,2,3,7, 博凯,
85374,2,3,7, 博彩,
133609,2,3,7, 博悦,
170414,2,3,7, 博牛,
154864,2,3,7, 博猫,
116976,2,3,7, 博金,
181250,2,3,7, 印尼,
142748,2,3,7, 参数,
115703,2,3,7, 发布,
123268,2,3,7, 另类,
113458,2,3,7, 可以,
100007,2,3,7, 台湾,
143978,2,3,7, 合乐,
133824,2,3,7, 吉利,
177691,2,3,7, 吉林,
130042,2,3,7, 吉祥,
153694,2,3,7, 同创,
128400,2,3,7, 名人,
81150,2,3,7, 名前,
34507,2,4,10, 名無し,
44948,2,6,16, 名無しさん,
143814,2,5,13, 名無しの,
164044,2,3,7, 和盛,
163715,2,3,7, 和记,
146114,2,3,7, 哪里,
70483,2,3,7, 商品,
189412,2,3,7, 四川,
154745,2,3,7, 回复,
14676,2,3,7, 国产,
82346,2,3,7, 国内,
171203,2,3,7, 国家,
142200,2,3,7, 国际,
117849,2,3,7, 图片,
172228,2,3,7, 圣亚,
194028,2,3,7, 在線,
30634,2,3,7, 在线,
117447,2,3,7, 地址,
197639,2,3,7, 多乐,
130724,2,3,7, 多宝,
141375,2,3,7, 夜夜,
146069,2,3,7, 大丰,
3606,2,3,7, 大发,
116867,2,3,7, 大唐,
120866,2,3,7, 大圣,
162378,2,3,7, 大洋,
163350,2,3,7, 大连,
196890,2,3,7, 大金,
187830,2,3,7, 大鱼,
110703,2,3,7, 天下,
155192,2,3,7, 天堂,
1889,2,3,7, 天天,
137080,2,3,7, 天津,
178883,2,3,7, 天游,
171729,2,3,7, 天逸,
177960,2,3,7, 天铭,
158984,2,3,7, 天音,
106573,2,3,7, 天马,
120517,2,3,7, 奇米,
159780,2,3,7, 奥门,
79194,2,3,7, 女人,
134441,2,3,7, 女性,
115845,2,3,7, 好运,
71937,2,3,7, 如何,
100749,2,3,7, 如意,
105821,2,3,7, 如果,
76531,2,3,7, 娱乐,
114478,2,3,7, 婷婷,
148595,2,3,7, 安卓,
191999,2,3,7, 安徽,
148850,2,3,7, 安迪,
100835,2,3,7, 官方,
184242,2,3,7, 官网,
155334,2,3,7, 宝盈,
188334,2,3,7, 宝马,
180073,2,3,7, 富利,
178387,2,3,7, 尊尼,
148665,2,3,7, 小米,
155502,2,3,7, 小说,
100021,2,3,7, 少妇,
168082,2,3,7, 尚度,
185638,2,3,7, 属性,
143806,2,3,7, 山东,
155246,2,3,7, 工作,
190579,2,3,7, 巴黎,
164273,2,3,7, 帝一,
192090,2,3,7, 帝景,
166583,2,3,7, 帝苑,
40016,2,3,7, 幸运,
98985,2,3,7, 广东,
162529,2,3,7, 广发,
184191,2,3,7, 广益,
187809,2,3,7, 广西,
167965,2,3,7, 开心,
172289,2,3,7, 弘鼎,
172449,2,3,7, 当前,
96896,2,3,7, 彩神,
14734,2,3,7, 彩票,
15154,2,3,7, 微信,
158611,2,3,7, 心博,
172754,2,3,7, 必胜,
56285,2,3,7, 快三,
152161,2,3,7, 快乐,
135998,2,3,7, 快播,
44276,2,3,7, 怎么,
101713,2,3,7, 怎样,
184985,2,3,7, 性感,
198478,2,3,7, 恒一,
143549,2,3,7, 情色,
52923,2,3,7, 成人,
106932,2,3,7, 成年,
199126,2,3,7, 成都,
131142,2,3,7, 我和,
146387,2,3,7, 我的,
145731,2,3,7, 我要,
19213,2,3,7, 手机,
78646,2,3,7, 投稿,
99534,2,3,7, 拉菲,
179975,2,3,7, 拼搏,
153322,2,3,7, 捕鱼,
115743,2,3,7, 推荐,
146768,2,3,7, 摩臣,
189199,2,3,7, 收藏,
108502,2,3,7, 数据,
125051,2,3,7, 文件,
195377,2,3,7, 新乐,
112098,2,3,7, 新宝,
182229,2,3,7, 新浪,
191668,2,3,7, 新生,
187805,2,3,7, 新疆,
123820,2,3,7, 新闻,
139369,2,3,7, 方法,
145424,2,3,7, 无极,
50705,2,3,7, 无码,
141197,2,3,7, 无限,
132892,2,3,7, 日博,
99203,2,3,7, 日日,
106919,2,3,7, 日期,
17428,2,3,7, 日本,
44558,2,3,7, 日韩,
193311,2,3,7, 早餐,
136508,2,3,7, 时时,
74034,2,3,7, 时间,
171558,2,3,7, 明发,
171124,2,3,7, 易乐,
150851,2,3,7, 易购,
193631,2,3,7, 星期,
182178,2,3,7, 星空,
135207,2,3,7, 星际,
109577,2,3,7, 是否,
101428,2,3,7, 時計,
113319,2,3,7, 更多,
73885,2,3,7, 更新,
178130,2,3,7, 最大,
52677,2,3,7, 最新,
158992,2,3,7, 最近,
196938,2,3,7, 朋克,
148811,2,3,7, 服务,
166107,2,3,7, 杏彩,
43581,2,3,7, 来源,
185244,2,3,7, 東京,
47727,2,3,7, 极速,
126613,2,3,7, 查看,
125176,2,3,7, 查询,
193241,2,3,7, 标签,
151888,2,3,7, 根据,
77906,2,3,7, 棋牌,
135372,2,3,7, 欢乐,
142151,2,3,7, 欧亿,
115501,2,3,7, 欧洲,
18671,2,3,7, 欧美,
104237,2,3,7, 歐美,
172184,2,3,7, 正点,
122936,2,3,7, 永利,
110382,2,3,7, 汇丰,
22462,2,3,7, 江苏,
141537,2,3,7, 江西,
138407,2,3,7, 河内,
118262,2,3,7, 河北,
166157,2,3,7, 河南,
80387,2,3,7, 注册,
160591,2,3,7, 注意,
168802,2,3,7, 泰皇,
90119,2,3,7, 浏览,
157162,2,3,7, 浙江,
99925,2,3,7, 海南,
118107,2,3,7, 深圳,
136567,2,3,7, 添加,
147082,2,3,7, 游戏,
196092,2,3,7, 湖北,
198183,2,3,7, 满堂,
123052,2,3,7, 澳洲,
25831,2,3,7, 澳门,
102193,2,3,7, 激情,
74310,2,3,7, 点击,
196103,2,3,7, 爱赢,
199607,2,3,7, 爵士,
66821,2,3,7, 狗万,
95409,2,3,7, 狠狠,
169553,2,3,7, 王者,
188180,2,3,7, 玖玖,
171853,2,3,7, 玩家,
142281,2,3,7, 环亚,
168752,2,3,7, 环宇,
113274,2,3,7, 环球,
194958,2,3,7, 琪琪,
87196,2,3,7, 用户,
46627,2,3,7, 申博,
131893,2,3,7, 电竞,
121899,2,3,7, 电话,
67477,2,3,7, 男人,
103042,2,3,7, 男女,
150787,2,3,7, 登录,
153010,2,3,7, 百乐,
91361,2,3,7, 百度,
152171,2,3,7, 百汇,
88718,2,3,7, 皇冠,
146949,2,3,7, 皇家,
195355,2,3,7, 皇轩,
196723,2,3,7, 盈立,
108013,2,3,7, 盛大,
108095,2,3,7, 真人,
158188,2,3,7, 破解,
157331,2,3,7, 示例,
133583,2,3,7, 祥云,
46980,2,3,7, 福利,
183281,2,3,7, 福建,
67823,2,3,7, 福彩,
100839,2,3,7, 秒速,
165508,2,3,7, 第一,
172057,2,3,7, 第二,
143579,2,3,7, 类型,
57436,2,3,7, 精品,
170537,2,3,7, 紫金,
188990,2,3,7, 絲襪,
108192,2,3,7, 編集,
179400,2,3,7, 红鼎,
164852,2,3,7, 经纬,
74711,2,3,7, 综合,
121020,2,3,7, 编辑,
62863,2,3,7, 网上,
57527,2,3,7, 网易,
128364,2,3,7, 网站,
113216,2,3,7, 网络,
187370,2,3,7, 网赌,
149390,2,3,7, 美国,
198228,2,3,7, 美國,
54688,2,3,7, 美女,
162243,2,3,7, 羽林,
88695,2,3,7, 联系,
185174,2,3,7, 聚利,
177005,2,3,7, 聚缘,
197532,2,3,7, 股票,
25205,2,3,7, 腾讯,
167834,2,3,7, 自动,
109536,2,3,7, 自拍,
97652,2,3,7, 至尊,
167895,2,3,7, 至尚,
123437,2,3,7, 色情,
58116,2,3,7, 苹果,
172849,2,3,7, 荣富,
57142,2,3,7, 获取,
149744,2,3,7, 菠菜,
136963,2,3,7, 菲娱,
186391,2,3,7, 菲龙,
156239,2,3,7, 葡京,
179455,2,3,7, 蓝盾,
105978,2,3,7, 视频,
73788,2,3,7, 设置,
91661,2,3,7, 评论,
154515,2,3,7, 请求,
134275,2,3,7, 诺亚,
173997,2,3,7, 诺果,
159669,2,3,7, 谁有,
179151,2,3,7, 豪泰,
182341,2,3,7, 財布,
171084,2,3,7, 贝博,
117073,2,3,7, 财富,
159126,2,3,7, 财神,
178167,2,3,7, 赌博,
159113,2,3,7, 赛车,
80842,2,3,7, 超碰,
182770,2,3,7, 趣赢,
116822,2,3,7, 足球,
155876,2,3,7, 软件,
130810,2,3,7, 输入,
137014,2,3,7, 输出,
150211,2,3,7, 迅雷,
89935,2,3,7, 返回,
195521,2,3,7, 邦尼,
44217,2,3,7, 重庆,
176480,2,3,7, 金叶,
164248,2,3,7, 金尊,
83153,2,3,7, 金沙,
141028,2,3,7, 金盾,
166285,2,3,7, 金砖,
168796,2,3,7, 钱柜,
176336,2,3,7, 铁血,
160032,2,3,7, 银座,
132647,2,3,7, 银河,
154297,2,3,7, 银航,
180699,2,3,7, 银雀,
66911,2,3,7, 阅读,
162013,2,3,7, 韓國,
187167,2,3,7, 韦伯,
65438,2,3,7, 韩国,
197337,2,3,7, 页面,
117225,2,3,7, 首页,
19061,2,3,7, 香港,
189064,2,3,7, 香蕉,
171554,2,3,7, 马会,
172195,2,3,7, 高升,
104035,2,3,7, 高清,
153022,2,3,7, 高登,
144571,2,3,7, 高频,
194398,2,3,7, 魔兽,
168780,2,3,7, 鸿丰,
97434,2,3,7, 鸿运,
134365,2,3,7, 麒麟,
153603,2,3,7, 黄色,
192465,2,3,7, 黄金,
196720,2,3,7, 黑人,
174285,2,3,7, 默认,
182508,2,3,7, 鼎丰,
172615,2,3,7, 龙头,
164394,2,3,7, 龙虎,
130264,2,3,7,%以上,
179782,2,3,7,%左右,
154191,2,3,7,(税込,
64112,2,3,7,",久久",
52066,2,3,7,",亚洲",
195219,2,3,7,",伊人",
132628,2,3,7,",免费",
63785,2,3,7,",国产",
181889,2,3,7,",在线",
62427,2,3,7,",天天",
60959,2,3,7,",日本",
78081,2,3,7,",欧美",
155068,2,3,7,",超碰",
78588,2,3,7,",香港",
131944,2,3,7,-亚洲,
170127,2,3,7,-国产,
132163,2,3,7,-天天,
138398,2,3,7,-日本,
119069,2,3,7,-首页,
52872,2,2,4,A片,
168091,2,2,4,A级,
177551,2,2,4,_色,
89039,2,2,4,a片,
67174,2,2,6,“一,
92136,2,2,6,“三,
123603,2,2,6,“不,
168194,2,2,6,“两,
178690,2,2,6,“五,
167157,2,2,6,“双,
109831,2,2,6,“四,
132082,2,2,6,“大,
157689,2,2,6,“小,
135373,2,2,6,”为,
98553,2,2,6,”和,
27609,2,2,6,”的,
138331,2,2,6,”等,
153044,2,3,9,、中国,
199649,2,4,12,、名無し,
198387,2,3,9,、安全,
199251,2,3,9,、日本,
139057,2,3,9,。不过,
152983,2,3,9,。今年,
115040,2,3,9,。但是,
191630,2,3,9,。例如,
115168,2,3,9,。其中,
136510,2,3,9,。另外,
86040,2,3,9,。同时,
83505,2,3,9,。因此,
159876,2,3,9,。如果,
179796,2,3,9,。当然,
180497,2,3,9,。截至,
130121,2,3,9,。所以,
84208,2,3,9,。此外,
123972,2,3,9,。然而,
109277,2,3,9,。目前,
181892,2,3,9,。那么,
172724,2,3,9,《中国,
182533,2,3,9,《关于,
136526,2,6,18,お問い合わせ,
117391,2,4,12,この記事,
135053,2,3,9,ご了承,
177976,2,7,21,ご了承ください,
146906,2,6,18,の名無しさん,
193953,2,3,9,の商品,
171169,2,3,9,の場合,
172369,2,3,9,の記事,
146591,2,3,9,は禁止,
97667,2,2,6,一下,
22912,2,2,6,一个,
114578,2,2,6,一些,
19393,2,2,6,一区,
186428,2,2,6,一卡,
138035,2,2,6,一句,
98015,2,2,6,一天,
92565,2,2,6,一定,
189815,2,2,6,一家,
153574,2,2,6,一年,
118099,2,2,6,一扫,
114402,2,2,6,一期,
71543,2,2,6,一本,
105128,2,2,6,一样,
70810,2,2,6,一次,
82066,2,2,6,一步,
145091,2,2,6,一点,
81647,2,2,6,一直,
84189,2,2,6,一码,
196749,2,2,6,一种,
26818,2,2,6,一级,
43123,2,2,6,一肖,
174095,2,2,6,一致,
84437,2,2,6,一般,
109696,2,2,6,一覧,
94420,2,2,6,一起,
82416,2,2,6,一路,
123169,2,2,6,一道,
145150,2,2,6,丁目,
44710,2,2,6,丁香,
195161,2,2,6,七码,
182605,2,2,6,万个,
79082,2,2,6,万人,
34699,2,2,6,万元,
57788,2,2,6,万円,
139890,2,2,6,万吨,
122493,2,2,6,万能,
113839,2,2,6,万辆,
197672,2,2,6,丈夫,
180116,2,2,6,三个,
30626,2,2,6,三区,
170903,2,2,6,三星,
199153,2,2,6,三码,
137897,2,2,6,三級,
25894,2,2,6,三级,
187995,2,2,6,三肖,
94952,2,2,6,上一,
176919,2,2,6,上下,
84117,2,2,6,上传,
73627,2,2,6,上午,
108360,2,2,6,上市,
170846,2,2,6,上映,
53339,2,2,6,上海,
179605,2,2,6,上涨,
55260,2,2,6,上的,
197186,2,2,6,上线,
173892,2,2,6,上述,
60398,2,2,6,下一,
50007,2,2,6,下午,
145116,2,2,6,下来,
104407,2,2,6,下注,
40867,2,2,6,下載,
6930,2,2,6,下载,
97869,2,2,6,下降,
75293,2,2,6,下面,
128287,2,2,6,不上,
47758,2,2,6,不中,
33058,2,2,6,不了,
196997,2,2,6,不仅,
88354,2,2,6,不会,
188704,2,2,6,不停,
169563,2,2,6,不像,
61792,2,2,6,不到,
20652,2,2,6,不卡,
76578,2,2,6,不可,
83800,2,2,6,不同,
143249,2,2,6,不好,
187459,2,2,6,不少,
111159,2,2,6,不开,
110279,2,2,6,不得,
114680,2,2,6,不断,
35405,2,2,6,不是,
162157,2,2,6,不用,
93654,2,2,6,不给,
25742,2,2,6,不能,
97996,2,2,6,不要,
179800,2,2,6,不起,
178768,2,2,6,不足,
74423,2,2,6,不过,
119613,2,2,6,不错,
138518,2,2,6,不限,
61448,2,2,6,与你,
51588,2,2,6,专业,
35508,2,2,6,专区,
48538,2,2,6,专家,
186797,2,2,6,专项,
90067,2,2,6,专题,
28428,2,2,6,世界,
95962,2,2,6,世纪,
189762,2,2,6,业内,
73118,2,2,6,业务,
103063,2,2,6,东京,
193951,2,2,6,东北,
194016,2,2,6,东县,
85387,2,2,6,东方,
156024,2,2,6,东西,
89597,2,2,6,丝袜,
87189,2,2,6,两个,
148593,2,2,6,严格,
106990,2,2,6,严重,
45419,2,2,6,个人,
173111,2,2,6,个位,
64337,2,2,6,个月,
73815,2,2,6,中了,
69700,2,2,6,中华,
167573,2,2,6,中古,
11372,2,2,6,中国,
193352,2,2,6,中國,
37796,2,2,6,中央,
13619,2,2,6,中奖,
195669,2,2,6,中字,
25847,2,2,6,中心,
10667,2,2,6,中文,
134374,2,2,6,中新,
177414,2,2,6,中旗,
39134,2,2,6,中特,
94421,2,2,6,中王,
58159,2,2,6,中的,
193215,2,2,6,中色,
90863,2,2,6,中过,
151461,2,2,6,丰富,
98210,2,2,6,丰满,
180292,2,2,6,串一,
147655,2,2,6,为了,
161732,2,2,6,为何,
83843,2,2,6,为空,
75958,2,2,6,主义,
126207,2,2,6,主人,
85309,2,2,6,主任,
197622,2,2,6,主体,
177276,2,2,6,主动,
105143,2,2,6,主席,
141473,2,2,6,主持,
173005,2,2,6,主播,
93867,2,2,6,主演,
19823,2,2,6,主管,
165561,2,2,6,主营,
64651,2,2,6,主要,
75209,2,2,6,主页,
70921,2,2,6,主题,
145007,2,2,6,举办,
71875,2,2,6,举报,
115422,2,2,6,举行,
6305,2,2,6,久久,
131482,2,2,6,久热,
62817,2,2,6,久草,
119893,2,2,6,之一,
108473,2,2,6,之前,
74296,2,2,6,之后,
142189,2,2,6,之外,
116415,2,2,6,之家,
95725,2,2,6,之间,
153622,2,2,6,乐城,
71742,2,2,6,乐彩,
58202,2,2,6,乐透,
101227,2,2,6,九九,
171140,2,2,6,九龙,
107867,2,2,6,也是,
58970,2,2,6,书记,
83767,2,2,6,买吗,
193317,2,2,6,买法,
176564,2,2,6,买马,
113205,2,2,6,乱子,
82124,2,2,6,乱码,
75383,2,2,6,亂倫,
59176,2,2,6,了一,
112451,2,2,6,了吗,
131976,2,2,6,了承,
49990,2,2,6,了解,
175525,2,2,6,予定,
111730,2,2,6,予約,
185513,2,2,6,争锋,
3738,2,2,6,争霸,
110365,2,2,6,事业,
59514,2,2,6,事件,
199269,2,2,6,事务,
98861,2,2,6,事实,
162913,2,2,6,事情,
147311,2,2,6,事故,
191792,2,2,6,事項,
175884,2,2,6,事项,
21250,2,2,6,二区,
88919,2,2,6,二维,
176286,2,2,6,于是,
177251,2,2,6,云南,
198736,2,2,6,互动,
85701,2,2,6,五星,
19151,2,2,6,五月,
151953,2,2,6,五码,
163368,2,2,6,井空,
6199,2,2,6,亚洲,
137357,2,2,6,亚游,
102762,2,2,6,亞洲,
141467,2,2,6,交换,
144840,2,2,6,交換,
61933,2,2,6,交易,
37819,2,2,6,交流,
56782,2,2,6,交通,
72446,2,2,6,产业,
28217,2,2,6,产品,
195073,2,2,6,产权,
160834,2,2,6,产生,
62110,2,2,6,京都,
137568,2,2,6,人与,
184851,2,2,6,人为,
13278,2,2,6,人人,
108991,2,2,6,人体,
138203,2,2,6,人口,
52874,2,2,6,人员,
158271,2,2,6,人在,
110605,2,2,6,人士,
122081,2,2,6,人大,
31576,2,2,6,人妻,
47243,2,2,6,人工,
45813,2,2,6,人成,
104143,2,2,6,人才,
112574,2,2,6,人数,
172881,2,2,6,人格,
28648,2,2,6,人民,
85264,2,2,6,人気,
114669,2,2,6,人氣,
129153,2,2,6,人物,
140086,2,2,6,人生,
58576,2,2,6,人的,
78744,2,2,6,人體,
31015,2,2,6,亿元,
10555,2,2,6,什么,
96573,2,2,6,今回,
137950,2,3,9,今回は,
47256,2,2,6,今天,
36573,2,2,6,今年,
45396,2,2,6,今日,
170411,2,3,9,今日は,
128345,2,2,6,今晚,
165497,2,2,6,介紹,
37887,2,2,6,介绍,
108400,2,2,6,仕事,
162455,2,2,6,仕様,
88423,2,2,6,他们,
180222,2,2,6,他的,
173198,2,2,6,他说,
161223,2,2,6,付款,
160241,2,2,6,代引,
12135,2,2,6,代理,
66365,2,2,6,代码,
50448,2,2,6,代表,
196816,2,2,6,令人,
27177,2,2,6,以上,
39985,2,2,6,以下,
131530,2,2,6,以内,
133900,2,2,6,以前,
84307,2,2,6,以及,
166133,2,2,6,以后,
56336,2,2,6,以来,
110447,2,2,6,价值,
43530,2,2,6,价格,
72252,2,2,6,任何,
73384,2,2,6,任务,
120008,2,2,6,任选,
29436,2,2,6,企业,
140122,2,2,6,企業,
195877,2,2,6,企鹅,
26596,2,2,6,伊人,
125371,2,2,6,休日,
117456,2,2,6,优势,
150991,2,2,6,优化,
61852,2,2,6,优惠,
167132,2,2,6,优秀,
140726,2,2,6,伙伴,
133748,2,2,6,会上,
56460,2,2,6,会员,
81407,2,2,6,会社,
67790,2,2,6,会议,
90735,2,2,6,传奇,
159560,2,2,6,传媒,
140579,2,2,6,传播,
102105,2,2,6,传真,
129243,2,2,6,传统,
64705,2,2,6,伦理,
161431,2,2,6,伯温,
72236,2,2,6,但是,
40701,2,2,6,位置,
158058,2,2,6,住宅,
186427,2,2,6,住宿,
167264,2,2,6,住房,
116863,2,2,6,住所,
71540,2,2,6,体彩,
74730,2,2,6,体现,
103511,2,2,6,体系,
18378,2,2,6,体育,
59194,2,2,6,体验,
141359,2,2,6,余额,
67629,2,2,6,作为,
61364,2,2,6,作品,
62026,2,2,6,作弊,
183564,2,2,6,作文,
179018,2,2,6,作爱,
92528,2,2,6,作用,
24332,2,2,6,作者,
177519,2,2,6,你好,
129184,2,2,6,你懂,
121699,2,2,6,你的,
116505,2,2,6,使命,
26019,2,2,6,使用,
132009,2,2,6,來源,
80131,2,2,6,例如,
114350,2,2,6,供应,
174642,2,2,6,依据,
126695,2,2,6,依法,
62198,2,2,6,価格,
134618,2,2,6,侵犯,
147924,2,2,6,便利,
122511,2,2,6,促进,
66421,2,2,6,保存,
78555,2,2,6,保护,
117963,2,2,6,保持,
178412,2,2,6,保証,
119962,2,2,6,保证,
81117,2,2,6,保险,
86610,2,2,6,保障,
18120,2,2,6,信息,
134129,2,2,6,信用,
72355,2,2,6,信誉,
35992,2,2,6,修改,
168680,2,2,6,俺也,
56878,2,2,6,俺去,
56910,2,2,6,倍投,
137112,2,2,6,倍率,
118305,2,2,6,倫理,
88533,2,2,6,值得,
172772,2,2,6,假吗,
41893,2,2,6,假的,
173007,2,2,6,做人,
156124,2,2,6,做到,
131104,2,2,6,做好,
58649,2,2,6,做愛,
58121,2,2,6,做爰,
98415,2,2,6,停售,
129364,2,2,6,停止,
135853,2,2,6,停车,
55042,2,2,6,健康,
80761,2,2,6,偷偷,
23203,2,2,6,偷拍,
169329,2,2,6,偷窥,
195004,2,2,6,價格,
183579,2,2,6,億元,
179705,2,2,6,優惠,
127750,2,2,6,儿童,
108852,2,2,6,允许,
120278,2,2,6,元素,
32104,2,2,6,充值,
156118,2,2,6,充分,
70493,2,2,6,先生,
189946,2,2,6,先进,
23573,2,2,6,先锋,
53406,2,2,6,免費,
185086,2,2,6,免责,
4749,2,2,6,免费,
50533,2,2,6,兑奖,
101621,2,2,6,兑换,
158377,2,2,6,兑现,
142838,2,2,6,党员,
121474,2,2,6,党委,
164184,2,2,6,党建,
89696,2,2,6,党的,
184157,2,2,6,党组,
195205,2,2,6,入住,
195421,2,2,6,入力,
78077,2,2,6,入口,
152512,2,2,6,內容,
39014,2,2,6,全国,
73857,2,2,6,全天,
81324,2,2,6,全年,
53465,2,2,6,全文,
150495,2,2,6,全民,
71075,2,2,6,全球,
55469,2,2,6,全部,
102794,2,2,6,全集,
70554,2,2,6,全面,
168871,2,2,6,八码,
128925,2,2,6,公交,
47748,2,2,6,公众,
111168,2,2,6,公共,
191463,2,2,6,公务,
12908,2,2,6,公司,
65855,2,2,6,公告,
122374,2,2,6,公安,
136827,2,2,6,公布,
199820,2,2,6,公平,
42532,2,2,6,公开,
31269,2,2,6,公式,
168548,2,2,6,公斤,
162402,2,2,6,公益,
198220,2,2,6,公网,
61417,2,2,6,公里,
161600,2,2,6,公開,
21906,2,2,6,六合,
110397,2,2,6,六月,
195781,2,2,6,六码,
164189,2,2,6,六肖,
136402,2,2,6,共产,
134110,2,2,6,共享,
109631,2,2,6,共同,
123036,2,2,6,共和,
140981,2,2,6,共有,
51566,2,2,6,关于,
47300,2,2,6,关注,
51746,2,2,6,关系,
199113,2,2,6,关联,
61889,2,2,6,关键,
72582,2,2,6,关闭,
185694,2,2,6,兴趣,
39457,2,2,6,其中,
49953,2,2,6,其他,
137795,2,2,6,其它,
116789,2,2,6,其实,
161551,2,2,6,其次,
88966,2,2,6,具体,
99796,2,2,6,具有,
109874,2,2,6,养老,
143749,2,2,6,兼职,
25631,2,2,6,内容,
178099,2,2,6,内幕,
81221,2,2,6,内部,
190459,2,2,6,再次,
105917,2,2,6,写真,
131697,2,2,6,军事,
134897,2,2,6,农业,
117703,2,2,6,农村,
151409,2,2,6,冠亚,
73139,2,2,6,冠军,
115465,2,2,6,决定,
157712,2,2,6,冷热,
71215,2,2,6,冻结,
123752,2,2,6,准备,
146124,2,2,6,准确,
179508,2,2,6,凌晨,
127090,2,2,6,减少,
122824,2,2,6,几个,
192581,2,2,6,几十,
139512,2,2,6,几年,
73973,2,2,6,几点,
48952,2,2,6,凤凰,
155198,2,2,6,出了,
190657,2,2,6,出去,
155748,2,2,6,出口,
189935,2,2,6,出台,
196668,2,2,6,出售,
164185,2,2,6,出处,
80633,2,2,6,出来,
191539,2,2,6,出演,
85100,2,2,6,出版,
79398,2,2,6,出现,
159618,2,2,6,出生,
158565,2,2,6,出的,
58526,2,2,6,出票,
131535,2,2,6,出租,
61244,2,2,6,函数,
42520,2,2,6,分享,
103651,2,2,6,分别,
7089,2,2,6,分彩,
44515,2,2,6,分快,
32648,2,2,6,分析,
44534,2,2,6,分类,
180994,2,2,6,分鐘,
28816,2,2,6,分钟,
99465,2,2,6,分钱,
164637,2,2,6,分類,
182913,2,2,6,分页,
57995,2,2,6,列表,
125138,2,2,6,创业,
66859,2,2,6,创建,
62494,2,2,6,创新,
158127,2,2,6,创造,
131387,2,2,6,初心,
39189,2,2,6,删除,
104512,2,2,6,判断,
150625,2,2,6,利来,
135224,2,2,6,利润,
68132,2,2,6,利用,
130222,2,2,6,利益,
173061,2,2,6,别人,
72930,2,2,6,到了,
134730,2,2,6,到底,
81246,2,2,6,到账,
109300,2,2,6,制作,
163977,2,2,6,制定,
72561,2,2,6,制度,
120287,2,2,6,制服,
98222,2,2,6,制造,
131722,2,2,6,刷新,
144461,2,2,6,刷水,
103105,2,2,6,刺激,
179320,2,2,6,前三,
99432,2,2,6,前年,
87958,2,2,6,剧情,
163632,2,2,6,割合,
198717,2,2,6,力度,
127708,2,2,6,力量,
81890,2,2,6,办公,
96353,2,2,6,办法,
144305,2,2,6,办理,
68794,2,2,6,功能,
87162,2,2,6,加入,
145061,2,2,6,加坡,
164050,2,2,6,加工,
83109,2,2,6,加强,
36517,2,2,6,加盟,
84680,2,2,6,加载,
154907,2,2,6,动作,
119750,2,2,6,动力,
55827,2,2,6,动态,
75683,2,2,6,动漫,
151667,2,2,6,动物,
146545,2,2,6,动画,
88724,2,2,6,动车,
53480,2,2,6,助手,
109649,2,2,6,助赢,
115642,2,2,6,努力,
165388,2,2,6,劳动,
127790,2,2,6,勒比,
116024,2,2,6,動漫,
132640,2,2,6,動画,
198540,2,2,6,動畫,
185691,2,2,6,募集,
90995,2,2,6,勤務,
149791,2,2,6,包含,
66050,2,2,6,包括,
163110,2,2,6,包装,
19340,2,2,6,北京,
182442,2,2,6,区别,
98820,2,2,6,区域,
159055,2,2,6,医保,
157299,2,2,6,医学,
122736,2,2,6,医生,
88117,2,2,6,医疗,
70821,2,2,6,医院,
158399,2,2,6,匿名,
96681,2,2,6,十一,
118633,2,2,6,十三,
138884,2,2,6,十九,
95270,2,2,6,十二,
119007,2,2,6,十五,
107205,2,2,6,十八,
99890,2,2,6,十分,
180481,2,2,6,十四,
178581,2,2,6,十大,
140155,2,2,6,千万,
91983,2,2,6,升级,
35150,2,2,6,午夜,
184177,2,2,6,午後,
126751,2,2,6,半年,
169292,2,2,6,协会,
123700,2,2,6,协议,
188278,2,2,6,协调,
50584,2,2,6,单位,
35415,2,2,6,单双,
133326,2,2,6,南京,
143744,2,2,6,南县,
164846,2,2,6,博士,
136214,2,2,6,博客,
29852,2,2,6,博彩,
111941,2,2,6,卫生,
138043,2,2,6,印度,
181016,2,2,6,危险,
160936,2,2,6,即可,
178809,2,2,6,即时,
190828,2,2,6,厂家,
36969,2,2,6,历史,
166903,2,2,6,压力,
185250,2,2,6,厕所,
179414,2,2,6,厘米,
123978,2,2,6,原则,
91224,2,2,6,原创,
82738,2,2,6,原因,
175676,2,2,6,厨房,
163196,2,2,6,去了,
180221,2,2,6,去哪,
74790,2,2,6,去年,
89486,2,2,6,参与,
68546,2,2,6,参加,
41513,2,2,6,参数,
38175,2,2,6,参考,
131988,2,2,6,又爽,
135272,2,2,6,又黄,
112486,2,2,6,及时,
102997,2,2,6,友情,
158376,2,2,6,双方,
28796,2,2,6,双色,
168707,2,2,6,反水,
169775,2,2,6,反馈,
174496,2,2,6,収納,
181746,2,2,6,发动,
28407,2,2,6,发展,
23342,2,2,6,发布,
149539,2,2,6,发挥,
60520,2,2,6,发现,
78039,2,2,6,发生,
109400,2,2,6,发行,
47959,2,2,6,发表,
193775,2,2,6,发财,
84851,2,2,6,发送,
88083,2,2,6,取得,
54205,2,2,6,取消,
166837,2,2,6,受付,
138141,2,2,6,受到,
139071,2,2,6,变化,
111102,2,2,6,变态,
175057,2,2,6,变量,
101676,2,2,6,口诀,
195729,2,2,6,句话,
115995,2,2,6,另一,
71881,2,2,6,另外,
36362,2,2,6,另类,
177000,2,2,6,只是,
41573,2,2,6,只有,
173355,2,2,6,只能,
160941,2,2,6,召开,
15578,2,2,6,可以,
55021,2,2,6,可信,
189200,2,2,6,可是,
42043,2,2,6,可能,
35586,2,2,6,可靠,
75626,2,2,6,台湾,
195014,2,2,6,右旗,
176592,2,2,6,右翼,
27316,2,2,6,号码,
41312,2,2,6,司机,
187760,2,2,6,司法,
156567,2,2,6,吃奶,
139710,2,2,6,各种,
140386,2,2,6,合买,
49379,2,2,6,合作,
136204,2,2,6,合同,
123042,2,2,6,合彩,
19370,2,2,6,合法,
144555,2,2,6,合理,
163854,2,2,6,合集,
129473,2,2,6,吉林,
118672,2,2,6,同志,
185493,2,2,6,同性,
35897,2,2,6,同时,
164264,2,2,6,同期,
162210,2,2,6,同步,
66343,2,2,6,同比,
59631,2,2,6,同行,
118857,2,2,6,名前,
152376,2,2,6,名单,
103582,2,2,6,名字,
18871,2,3,9,名無し,
26139,2,5,15,名無しさん,
38180,2,2,6,名称,
173818,2,2,6,名稱,
164285,2,2,6,后一,
151529,2,2,6,后三,
144721,2,2,6,后二,
145987,2,2,6,后台,
176093,2,2,6,后来,
128245,2,2,6,后的,
130514,2,2,6,否则,
125420,2,2,6,启动,
114082,2,2,6,告诉,
160511,2,2,6,员工,
48670,2,2,6,周年,
97071,2,2,6,周期,
199375,2,2,6,呻吟,
37043,2,2,6,和值,
138745,2,2,6,和尚,
188791,2,2,6,和平,
105573,2,2,6,和彩,
55208,2,2,6,咨询,
56311,2,2,6,品牌,
179749,2,2,6,品質,
188108,2,2,6,品质,
97630,2,2,6,哈哈,
151151,2,2,6,哈尔,
189719,2,2,6,响应,
102828,2,2,6,哥哥,
43781,2,2,6,哪个,
70424,2,2,6,哪些,
42333,2,2,6,哪里,
190786,2,2,6,售价,
121763,2,2,6,唯一,
107135,2,2,6,商业,
143493,2,2,6,商务,
26198,2,2,6,商品,
133706,2,3,9,商品の,
164230,2,2,6,商城,
105097,2,5,15,問い合わせ,
162565,2,2,6,問題,
46490,2,2,6,啪啪,
69681,2,2,6,喜欢,
105540,2,2,6,営業,
105973,2,2,6,喷水,
80221,2,2,6,噜噜,
94538,2,2,6,四六,
126798,2,2,6,四川,
33583,2,2,6,四色,
186213,2,2,6,回事,
78272,2,2,6,回复,
164305,2,2,6,回应,
187946,2,2,6,回来,
89785,2,2,6,回答,
122158,2,2,6,回血,
66014,2,2,6,因为,
48332,2,2,6,因此,
189422,2,2,6,因素,
66757,2,2,6,团队,
181366,2,2,6,困难,
166937,2,2,6,固定,
9326,2,2,6,国产,
48450,2,2,6,国内,
111780,2,2,6,国务,
163989,2,2,6,国外,
25547,2,2,6,国家,
105572,2,2,6,国语,
14889,2,2,6,国际,
106741,2,2,6,图区,
38552,2,2,6,图库,
19558,2,2,6,图片,
48683,2,2,6,圖片,
170402,2,2,6,土地,
129900,2,2,6,在人,
24458,2,2,6,在哪,
59337,2,2,6,在線,
3447,2,2,6,在线,
179878,2,2,6,地下,
73077,2,2,6,地主,
84749,2,2,6,地产,
54831,2,2,6,地区,
91228,2,2,6,地图,
12165,2,2,6,地址,
150232,2,2,6,地域,
80161,2,2,6,地方,
119649,2,2,6,地点,
172314,2,2,6,坑人,
185168,2,2,6,坚定,
78418,2,2,6,坚持,
192764,2,2,6,垃圾,
189173,2,2,6,型号,
176801,2,2,6,城乡,
169508,2,2,6,城区,
100909,2,2,6,城县,
47371,2,2,6,城市,
191889,2,2,6,培养,
78008,2,2,6,培训,
85637,2,2,6,基地,
180649,2,2,6,基层,
56801,2,2,6,基本,
78580,2,2,6,基础,
98751,2,2,6,基金,
72486,2,2,6,場合,
159205,2,2,6,場所,
150136,2,2,6,填写,
81351,2,2,6,增加,
151506,2,2,6,增强,
47993,2,2,6,增长,
67319,2,2,6,声明,
192933,2,2,6,声音,
198038,2,2,6,处分,
42547,2,2,6,处理,
188678,2,2,6,处罚,
181291,2,2,6,备案,
134119,2,2,6,备注,
72264,2,2,6,备用,
178677,2,2,6,変更,
123291,2,2,6,复制,
136419,2,2,6,复式,
164869,2,2,6,复杂,
145052,2,2,6,外交,
105175,2,2,6,外围,
188397,2,2,6,外国,
143348,2,2,6,外挂,
133048,2,2,6,多个,
53817,2,2,6,多久,
151717,2,2,6,多人,
21727,2,2,6,多少,
199891,2,2,6,多年,
196685,2,2,6,多数,
104560,2,2,6,多野,
28820,2,2,6,夜夜,
101498,2,2,6,大仙,
155035,2,2,6,大众,
119985,2,2,6,大会,
21233,2,2,6,大全,
120717,2,2,6,大利,
90808,2,2,6,大厅,
2865,2,2,6,大发,
166791,2,2,6,大型,
20658,2,2,6,大奖,
43065,2,2,6,大学,
63641,2,2,6,大家,
26525,2,2,6,大小,
150025,2,2,6,大师,
85183,2,2,6,大战,
37234,2,2,6,大片,
99261,2,2,6,大的,
45706,2,2,6,大神,
123563,2,2,6,大胆,
171298,2,2,6,大道,
161339,2,2,6,大量,
136632,2,2,6,大阪,
114544,2,2,6,大陆,
118431,2,2,6,大香,
48515,2,2,6,天下,
139251,2,2,6,天地,
23316,2,2,6,天堂,
1487,2,2,6,天天,
167823,2,2,6,天气,
90544,2,2,6,天津,
182620,2,2,6,天然,
165395,2,2,6,天空,
40483,2,2,6,太阳,
93404,2,2,6,夫妻,
95510,2,2,6,央视,
33161,2,2,6,失败,
183946,2,2,6,头像,
30656,2,2,6,奇米,
186267,2,2,6,奋斗,
171236,2,2,6,奔驰,
158004,2,2,6,奖励,
70939,2,2,6,奖金,
189773,2,2,6,套利,
167066,2,2,6,套路,
161364,2,2,6,套餐,
39836,2,2,6,女人,
181913,2,2,6,女优,
169172,2,2,6,女士,
165252,2,2,6,女子,
134625,2,2,6,女孩,
72662,2,2,6,女性,
167068,2,2,6,女生,
173434,2,2,6,奶头,
193071,2,2,6,好了,
114306,2,2,6,好友,
171147,2,2,6,好吗,
181597,2,2,6,好多,
118378,2,2,6,好爽,
69455,2,2,6,好的,
166719,2,2,6,好运,
133167,2,2,6,如下,
131148,2,2,6,如今,
24608,2,2,6,如何,
43442,2,2,6,如果,
94932,2,2,6,如此,
127633,2,2,6,妈妈,
90856,2,2,6,妹妹,
86705,2,2,6,始化,
143265,2,2,6,姐妹,
135250,2,2,6,姐姐,
136978,2,2,6,姑娘,
100779,2,2,6,姓名,
78870,2,2,6,委员,
169672,2,2,6,娛樂,
3845,2,2,6,娱乐,
31746,2,2,6,婷婷,
63087,2,2,6,媒体,
147981,2,2,6,媽媽,
185317,2,2,6,子的,
175664,2,2,6,字体,
118496,2,2,6,字号,
14427,2,2,6,字幕,
86659,2,2,6,字段,
67951,2,2,6,字符,
53591,2,2,6,存在,
119226,2,2,6,季度,
64550,2,2,6,学习,
151894,2,2,6,学历,
73048,2,2,6,学校,
52770,2,2,6,学生,
89469,2,2,6,学院,
89870,2,2,6,孩子,
175029,2,2,6,學生,
126742,2,2,6,宁县,
107189,2,2,6,宁市,
23204,2,2,6,安全,
46190,2,2,6,安卓,
104556,2,2,6,安县,
132910,2,2,6,安市,
149840,2,2,6,安徽,
175124,2,2,6,安心,
139332,2,2,6,安排,
29885,2,2,6,安装,
129108,2,2,6,完全,
125446,2,2,6,完善,
57587,2,2,6,完成,
54486,2,2,6,完整,
12017,2,2,6,官方,
4974,2,2,6,官网,
111128,2,2,6,定义,
58568,2,2,6,定位,
143920,2,2,6,定胆,
137788,2,2,6,宝典,
129903,2,2,6,宝宝,
166052,2,2,6,宝马,
111308,2,2,6,实体,
187997,2,2,6,实例,
133410,2,2,6,实力,
51509,2,2,6,实名,
76852,2,2,6,实施,
150341,2,2,6,实时,
57281,2,2,6,实现,
196084,2,2,6,实行,
138209,2,2,6,实践,
92437,2,2,6,实际,
177760,2,2,6,实验,
118451,2,2,6,実況,
196180,2,2,6,审批,
90974,2,2,6,审核,
29628,2,2,6,客户,
23188,2,2,6,客服,
188635,2,2,6,客様,
187643,2,2,6,客邦,
87836,2,2,6,宣传,
165433,2,2,6,宣布,
42392,2,2,6,家乐,
169411,2,2,6,家具,
65875,2,2,6,家婆,
94841,2,2,6,家庭,
113788,2,2,6,家的,
137290,2,2,6,容易,
197129,2,2,6,容量,
49698,2,2,6,密码,
100604,2,2,6,对于,
187652,2,2,6,对刷,
191940,2,2,6,对子,
156420,2,2,6,对应,
115080,2,2,6,对此,
169807,2,2,6,对白,
60604,2,2,6,对象,
184180,2,2,6,寻找,
123426,2,2,6,导师,
116373,2,2,6,导演,
134199,2,2,6,导致,
38079,2,2,6,导航,
105929,2,2,6,対応,
178182,2,2,6,対象,
195597,2,2,6,専門,
166710,2,2,6,将在,
144038,2,2,6,導航,
51470,2,2,6,小姐,
186830,2,2,6,小学,
44467,2,2,6,小时,
38594,2,2,6,小說,
37430,2,2,6,小说,
110353,2,2,6,少女,
52974,2,2,6,少妇,
124701,2,2,6,少婦,
164047,2,2,6,少年,
173761,2,2,6,尔沁,
185249,2,2,6,尤其,
198799,2,2,6,尤物,
119339,2,2,6,就业,
196185,2,2,6,就在,
43041,2,2,6,就是,
163707,2,2,6,尺寸,
174092,2,2,6,尺度,
168280,2,2,6,尼姑,
66288,2,2,6,尼斯,
137582,2,2,6,屁股,
138798,2,2,6,居民,
120862,2,2,6,展开,
109698,2,2,6,展示,
71603,2,2,6,属于,
96205,2,2,6,属性,
111248,2,2,6,山东,
194276,2,2,6,山区,
87678,2,2,6,山县,
103027,2,2,6,山市,
167948,2,2,6,岁的,
143439,2,2,6,岗位,
177269,2,2,6,岛国,
157153,2,2,6,川县,
184627,2,2,6,川県,
54966,2,2,6,州市,
139651,2,2,6,巡视,
113769,2,2,6,工业,
22369,2,2,6,工作,
69771,2,2,6,工具,
170955,2,2,6,工商,
58542,2,2,6,工程,
148576,2,2,6,工资,
52802,2,2,6,左右,
150041,2,2,6,左旗,
160995,2,2,6,巨大,
160534,2,2,6,已有,
55905,2,2,6,已经,
168959,2,2,6,巴黎,
35987,2,2,6,市场,
180106,2,2,6,市場,
147831,2,2,6,市委,
179907,2,2,6,布局,
71538,2,2,6,希望,
170842,2,2,6,帐号,
195201,2,2,6,帖子,
94148,2,2,6,帮助,
113611,2,2,6,常委,
186850,2,2,6,幕后,
77172,2,2,6,干部,
121372,2,2,6,平刷,
158637,2,2,6,平县,
4311,2,2,6,平台,
71356,2,2,6,平均,
117883,2,2,6,平成,
75785,2,2,6,平方,
82008,2,2,6,平特,
147503,2,2,6,平码,
117666,2,2,6,年代,
165216,2,2,6,年份,
92035,2,2,6,年前,
141583,2,2,6,年底,
66136,2,2,6,年度,
199880,2,2,6,年月,
61382,2,2,6,年来,
64115,2,2,6,年的,
119314,2,2,6,年第,
178612,2,2,6,年至,
138238,2,2,6,年轻,
195801,2,2,6,年間,
116562,2,2,6,年龄,
149062,2,2,6,幸福,
57407,2,2,6,幸运,
158402,2,2,6,幻想,
91812,2,2,6,广东,
72377,2,2,6,广告,
181398,2,2,6,广大,
132426,2,2,6,广州,
194081,2,2,6,广播,
127237,2,2,6,广西,
114880,2,2,6,広告,
184957,2,2,6,库存,
69779,2,2,6,应用,
118981,2,2,6,应该,
177116,2,2,6,店舗,
156108,2,2,6,延期,
95444,2,2,6,建立,
113424,2,2,6,建筑,
96052,2,2,6,建议,
44565,2,2,6,建设,
60189,2,2,6,开发,
14775,2,2,6,开号,
162650,2,2,6,开启,
6972,2,2,6,开奖,
40914,2,2,6,开始,
79138,2,2,6,开展,
156353,2,2,6,开彩,
62154,2,2,6,开心,
10121,2,2,6,开户,
83098,2,2,6,开放,
140773,2,2,6,开的,
79165,2,2,6,异常,
144296,2,2,6,引用,
135559,2,2,6,強奸,
161573,2,2,6,强化,
178236,2,2,6,强奷,
117753,2,2,6,强调,
41764,2,2,6,当前,
134979,2,2,6,当地,
126312,2,2,6,当天,
76974,2,2,6,当然,
154915,2,2,6,录像,
111217,2,2,6,形式,
104204,2,2,6,形成,
141738,2,2,6,彩乐,
46568,2,2,6,彩图,
152647,2,2,6,彩堂,
3775,2,2,6,彩神,
1216,2,2,6,彩票,
39402,2,2,6,彩网,
30847,2,2,6,彩金,
66542,2,2,6,影响,
49635,2,2,6,影片,
24135,2,2,6,影视,
18439,2,2,6,影院,
27089,2,2,6,影音,
167116,2,2,6,待遇,
75271,2,2,6,很多,
148483,2,2,6,很好,
49860,2,2,6,律宾,
193183,2,2,6,律师,
136672,2,2,6,徒歩,
120450,2,2,6,得到,
193968,2,2,6,循环,
15702,2,2,6,微信,
90486,2,2,6,微博,
171605,2,2,6,微软,
154439,2,2,6,德国,
97880,2,2,6,心得,
49287,2,2,6,心水,
160461,2,2,6,心理,
127510,2,2,6,心经,
79456,2,2,6,必中,
125586,2,2,6,必要,
162595,2,2,6,必赢,
82654,2,2,6,必须,
165805,2,2,6,応募,
4949,2,2,6,快三,
75243,2,2,6,快乐,
195762,2,2,6,快捷,
106260,2,2,6,快播,
113478,2,2,6,快速,
6099,2,2,6,怎么,
40193,2,2,6,怎样,
196043,2,2,6,思思,
90717,2,2,6,思想,
94590,2,2,6,性交,
102602,2,2,6,性愛,
129892,2,2,6,性感,
150940,2,2,6,性爱,
195322,2,2,6,性的,
191901,2,2,6,性能,
161592,2,2,6,性色,
178787,2,2,6,性质,
25959,2,2,6,总代,
198186,2,2,6,总体,
153074,2,2,6,总站,
184127,2,2,6,总结,
187821,2,2,6,总统,
131796,2,2,6,总部,
90100,2,2,6,恐縮,
90288,2,4,12,恐縮です,
181438,2,2,6,恢复,
142274,2,2,6,悠悠,
166699,2,2,6,患者,
188633,2,2,6,您好,
83136,2,2,6,您的,
98891,2,2,6,情侣,
47768,2,2,6,情况,
47357,2,2,6,情報,
81626,2,2,6,情色,
182570,2,2,6,想到,
191864,2,2,6,想着,
144086,2,2,6,意义,
127426,2,2,6,意味,
51846,2,2,6,意思,
80115,2,2,6,意见,
133226,2,2,6,意识,
177922,2,2,6,感染,
171077,2,2,6,感觉,
150705,2,2,6,感谢,
61850,2,2,6,成为,
182674,2,2,6,成交,
19756,2,2,6,成人,
27826,2,2,6,成功,
133768,2,2,6,成员,
66633,2,2,6,成年,
97106,2,2,6,成本,
131572,2,2,6,成果,
173409,2,2,6,成熟,
89812,2,2,6,成立,
153125,2,2,6,成绩,
157782,2,2,6,成都,
182583,2,2,6,成长,
24809,2,2,6,我们,
162942,2,2,6,我們,
112643,2,2,6,我国,
176389,2,2,6,我是,
61932,2,2,6,我的,
116540,2,2,6,我要,
89359,2,2,6,或者,
148313,2,2,6,战争,
97644,2,2,6,战略,
99786,2,2,6,截图,
147851,2,2,6,截止,
71801,2,2,6,截至,
53210,2,2,6,所以,
98278,2,2,6,所在,
175954,2,2,6,所属,
170555,2,2,6,所得,
34834,2,2,6,所有,
180068,2,2,6,所谓,
10485,2,2,6,手机,
167829,2,2,6,手機,
59760,2,2,6,手游,
113681,2,2,6,手续,
81405,2,2,6,才能,
94779,2,2,6,扑克,
158877,2,2,6,扒开,
192322,2,2,6,打一,
117774,2,2,6,打印,
88671,2,2,6,打开,
151345,2,2,6,打法,
136068,2,2,6,打造,
65988,2,2,6,执行,
172496,2,2,6,扩大,
169180,2,2,6,扫描,
181560,2,2,6,扫码,
197205,2,2,6,扶贫,
177006,2,2,6,批准,
109093,2,2,6,找到,
167913,2,2,6,承担,
15486,2,2,6,技巧,
36535,2,2,6,技术,
166676,2,2,6,技能,
180368,2,2,6,投入,
17076,2,2,6,投注,
54574,2,2,6,投稿,
74168,2,2,6,投诉,
48831,2,2,6,投资,
141551,2,2,6,护士,
195750,2,2,6,护理,
136501,2,2,6,报价,
143056,2,2,6,报名,
65247,2,2,6,报告,
116302,2,2,6,报码,
113554,2,2,6,报警,
39413,2,2,6,报道,
151234,2,2,6,担当,
197306,2,2,6,拉特,
162730,2,2,6,拍拍,
17047,2,2,6,招商,
139030,2,2,6,招生,
74530,2,2,6,招聘,
130569,2,2,6,拥有,
75549,2,2,6,拿大,
98165,2,2,6,持续,
92619,2,2,6,挂机,
68349,2,2,6,挂牌,
73350,2,2,6,指出,
137724,2,2,6,指南,
104310,2,2,6,指定,
112921,2,2,6,指导,
125492,2,2,6,指数,
141361,2,2,6,指标,
147254,2,2,6,按摩,
95203,2,2,6,按照,
128817,2,2,6,按钮,
179296,2,2,6,挑战,
141423,2,2,6,挣钱,
56630,2,2,6,捕鱼,
78590,2,2,6,授权,
89736,2,2,6,排列,
114204,2,2,6,排名,
124038,2,2,6,排序,
78313,2,2,6,排行,
191406,2,2,6,探索,
107054,2,2,6,接受,
80549,2,2,6,接口,
65805,2,2,6,控制,
132708,2,2,6,推出,
96010,2,2,6,推动,
88464,2,2,6,推广,
19896,2,2,6,推荐,
105477,2,2,6,推薦,
86796,2,2,6,推进,
100461,2,2,6,措施,
137149,2,2,6,掲載,
59393,2,2,6,描述,
112588,2,2,6,提交,
38811,2,2,6,提供,
81562,2,2,6,提出,
139599,2,2,6,提前,
99121,2,2,6,提升,
58574,2,2,6,提款,
11571,2,2,6,提现,
57984,2,2,6,提示,
128275,2,2,6,提醒,
66918,2,2,6,提高,
192848,2,2,6,插件,
125592,2,2,6,揭秘,
174075,2,2,6,搜尋,
186639,2,2,6,搜狐,
54531,2,2,6,搜索,
195682,2,2,6,摄影,
88323,2,2,6,摘要,
167108,2,2,6,播播,
14425,2,2,6,播放,
49939,2,2,6,操作,
46804,2,2,6,支付,
46419,2,2,6,支持,
95560,2,2,6,收入,
196669,2,2,6,收到,
196000,2,2,6,收益,
78188,2,2,6,收藏,
132918,2,2,6,收费,
181094,2,2,6,改单,
182793,2,2,6,改变,
174904,2,2,6,改善,
65476,2,2,6,改革,
194941,2,2,6,攻击,
64301,2,2,6,攻略,
187598,2,2,6,放心,
191404,2,2,6,政协,
45461,2,2,6,政府,
68712,2,2,6,政治,
65946,2,2,6,政策,
67731,2,2,6,故事,
120041,2,2,6,效果,
157422,2,2,6,效率,
149189,2,2,6,救世,
102465,2,2,6,教学,
109105,2,2,6,教师,
195853,2,2,6,教師,
156340,2,2,6,教授,
159704,2,2,6,教材,
111009,2,2,6,教程,
39425,2,2,6,教育,
58226,2,2,6,数字,
174242,2,2,6,数学,
20009,2,2,6,数据,
95800,2,2,6,数组,
80012,2,2,6,数量,
181502,2,2,6,整个,
170850,2,2,6,整体,
181385,2,2,6,整改,
173952,2,2,6,整数,
182917,2,2,6,整理,
32767,2,2,6,文件,
51491,2,2,6,文化,
79831,2,2,6,文字,
143975,2,2,6,文学,
132115,2,2,6,文明,
145683,2,2,6,文本,
26474,2,2,6,文章,
164241,2,2,6,料理,
137048,2,2,6,料金,
147494,2,2,6,新人,
173584,2,2,6,新区,
70788,2,2,6,新华,
161280,2,2,6,新品,
106876,2,2,6,新增,
105553,2,2,6,新浪,
153060,2,2,6,新版,
151053,2,2,6,新疆,
108794,2,2,6,新的,
68541,2,2,6,新聞,
23613,2,2,6,新闻,
108828,2,2,6,方便,
101892,2,2,6,方向,
36264,2,2,6,方式,
51241,2,2,6,方案,
23920,2,2,6,方法,
49369,2,2,6,方面,
145060,2,2,6,施工,
156225,2,2,6,施設,
69300,2,2,6,旅游,
116677,2,2,6,旅行,
166252,2,2,6,旗下,
119028,2,2,6,旗舰,
176006,2,2,6,无人,
53254,2,2,6,无法,
9070,2,2,6,无码,
134297,2,2,6,无线,
70149,2,2,6,无遮,
113889,2,2,6,无限,
172683,2,2,6,无需,
165271,2,2,6,日产,
103350,2,2,6,日前,
177107,2,2,6,日在,
128327,2,2,6,日志,
64785,2,2,6,日报,
44355,2,2,6,日日,
116940,2,2,6,日時,
129264,2,2,6,日晚,
38332,2,2,6,日期,
9048,2,2,6,日本,
65086,2,2,6,日电,
90630,2,2,6,日至,
139270,2,2,6,日讯,
109810,2,2,6,日起,
18527,2,2,6,日韩,
76457,2,2,6,早点,
66566,2,2,6,早餐,
56881,2,2,6,时代,
45987,2,2,6,时候,
127809,2,2,6,时报,
3569,2,2,6,时时,
169516,2,2,6,时期,
11541,2,2,6,时间,
176283,2,2,6,昌县,
110608,2,2,6,明星,
160932,2,2,6,明显,
114845,2,2,6,明确,
64409,2,2,6,星彩,
107546,2,2,6,星期,
182082,2,2,6,映画,
163585,2,2,6,春节,
154530,2,2,6,昨天,
121609,2,2,6,昨日,
122958,2,2,6,是一,
165649,2,2,6,是不,
99587,2,2,6,是假,
43851,2,2,6,是否,
168131,2,2,6,是哪,
165308,2,2,6,是在,
21288,2,2,6,是真,
109720,2,2,6,是谁,
195931,2,2,6,昵称,
38118,2,2,6,显示,
133686,2,2,6,時計,
31402,2,2,6,時間,
162781,2,2,6,晒单,
97950,2,2,6,晚上,
88176,2,2,6,普通,
152304,2,2,6,智慧,
60319,2,2,6,智能,
110581,2,2,6,暂停,
168195,2,2,6,暂无,
88999,2,2,6,曜日,
121482,2,2,6,曝光,
147622,2,2,6,更加,
36788,2,2,6,更多,
26889,2,2,6,更新,
148716,2,2,6,最低,
106633,2,2,6,最佳,
192131,2,2,6,最准,
66664,2,2,6,最后,
80254,2,2,6,最多,
44721,2,2,6,最大,
125583,2,2,6,最好,
161045,2,2,6,最後,
101741,2,2,6,最快,
12923,2,2,6,最新,
114512,2,2,6,最终,
65825,2,2,6,最近,
134633,2,2,6,最长,
49935,2,2,6,最高,
199471,2,2,6,會員,
91184,2,2,6,月份,
156954,2,2,6,月底,
178002,2,2,6,月至,
82766,2,2,6,有人,
92327,2,2,6,有关,
175607,2,2,6,有所,
71309,2,2,6,有效,
147583,2,2,6,有码,
35501,2,2,6,有限,
191486,2,2,6,朋克,
55007,2,2,6,朋友,
20164,2,2,6,服务,
96935,2,2,6,服務,
150840,2,2,6,朗普,
93891,2,2,6,期开,
153157,2,2,6,期待,
150050,2,2,6,期期,
105516,2,2,6,期間,
89665,2,2,6,期间,
152341,2,2,6,期限,
66231,2,2,6,未来,
129797,2,2,6,未知,
159834,2,2,6,未经,
149287,2,2,6,本人,
66491,2,2,6,本文,
191558,2,2,6,本科,
82147,2,2,6,本站,
99404,2,2,6,本网,
20957,2,2,6,本道,
198302,2,2,6,本金,
161151,2,2,6,机会,
90734,2,2,6,机关,
110781,2,2,6,机制,
96849,2,2,6,机器,
181428,2,2,6,机场,
66003,2,2,6,机构,
159327,2,2,6,机械,
62855,2,2,6,杀号,
155010,2,2,6,杀码,
192204,2,2,6,权益,
131153,2,2,6,权限,
86761,2,2,6,材料,
59062,2,2,6,条件,
143098,2,2,6,条例,
197265,2,2,6,来也,
126774,2,2,6,来了,
186301,2,2,6,来到,
31825,2,2,6,来源,
102135,2,2,6,来的,
129784,2,2,6,来看,
74128,2,2,6,来自,
86196,2,2,6,来说,
195020,2,2,6,来越,
153643,2,2,6,杭州,
108713,2,2,6,東京,
105736,2,2,6,极品,
57233,2,2,6,极速,
40783,2,2,6,查看,
30476,2,2,6,查询,
146824,2,2,6,柴油,
63925,2,2,6,标准,
70332,2,2,6,标签,
57488,2,2,6,标题,
171337,2,2,6,栏目,
196445,2,2,6,树林,
167588,2,2,6,校园,
100018,2,2,6,核心,
60683,2,2,6,根据,
86695,2,2,6,格式,
140171,2,2,6,案件,
127201,2,2,6,案例,
191659,2,2,6,梦想,
101100,2,2,6,检查,
114557,2,2,6,检测,
16731,2,2,6,棋牌,
189305,2,2,6,森林,
102162,2,2,6,植物,
88225,2,2,6,検索,
162689,2,2,6,楽天,
118753,2,2,6,概率,
149949,2,2,6,概要,
171820,2,2,6,模块,
184232,2,2,6,模型,
57866,2,2,6,模式,
150090,2,2,6,模拟,
196928,2,2,6,模板,
77583,2,2,6,次数,
188128,2,2,6,欢乐,
68614,2,2,6,欢迎,
67069,2,2,6,欧洲,
13758,2,2,6,欧美,
181860,2,2,6,歌曲,
186567,2,2,6,歌词,
134026,2,2,6,歓迎,
70104,2,2,6,正在,
113528,2,2,6,正常,
100682,2,2,6,正式,
193380,2,2,6,正文,
64825,2,2,6,正版,
104985,2,2,6,正确,
25985,2,2,6,正规,
147240,2,2,6,此前,
50183,2,2,6,此外,
170293,2,2,6,此次,
182099,2,2,6,步骤,
154409,2,2,6,武汉,
114227,2,2,6,死亡,
136868,2,2,6,死人,
196717,2,2,6,残局,
109471,2,2,6,每天,
102487,2,2,6,每日,
117630,2,2,6,比例,
61288,2,2,6,比分,
84140,2,2,6,比如,
65500,2,2,6,比赛,
196048,2,2,6,比較,
117215,2,2,6,比较,
143296,2,2,6,毕业,
21150,2,2,6,毛片,
191983,2,2,6,毫米,
197936,2,2,6,民主,
110015,2,2,6,民族,
154666,2,2,6,水县,
102161,2,2,6,水平,
140479,2,2,6,水果,
52571,2,2,6,永久,
141843,2,2,6,永利,
126962,2,2,6,求人,
124527,2,2,6,江县,
163990,2,2,6,江市,
56865,2,2,6,江苏,
140518,2,2,6,江西,
130568,2,2,6,污染,
37298,2,2,6,汽车,
177582,2,2,6,沒有,
175980,2,2,6,没人,
23714,2,2,6,没有,
124896,2,2,6,河北,
140079,2,2,6,河南,
155896,2,2,6,河县,
132806,2,2,6,治理,
137927,2,2,6,治疗,
147804,2,2,6,法人,
169469,2,2,6,法国,
65619,2,2,6,法律,
167256,2,2,6,法规,
141923,2,2,6,法院,
7525,2,2,6,注册,
48205,2,2,6,注意,
150718,2,2,6,注文,
108933,2,2,6,注明,
102619,2,2,6,注销,
35967,2,2,6,活动,
155507,2,2,6,活動,
57642,2,2,6,派奖,
95528,2,2,6,流水,
122742,2,2,6,流程,
82843,2,2,6,测试,
167555,2,2,6,测速,
76346,2,2,6,浏览,
108838,2,2,6,浙江,
192293,2,2,6,浩特,
166242,2,2,6,海南,
123955,2,2,6,海外,
145599,2,2,6,海道,
46477,2,2,6,消息,
80265,2,2,6,消费,
187817,2,2,6,消防,
154157,2,2,6,涉及,
181135,2,2,6,涉嫌,
165274,2,2,6,淘宝,
125047,2,2,6,深入,
183673,2,2,6,深化,
95646,2,2,6,深圳,
160846,2,2,6,深爱,
61254,2,2,6,添加,
181014,2,2,6,渠道,
132473,2,2,6,港台,
195240,2,2,6,游客,
10150,2,2,6,游戏,
92291,2,2,6,游戲,
139020,2,2,6,湖北,
124981,2,2,6,湖南,
179576,2,2,6,源县,
68454,2,2,6,源码,
193594,2,2,6,溪县,
141097,2,2,6,滚球,
172757,2,2,6,满意,
166218,2,2,6,满足,
138479,2,2,6,漂亮,
56684,2,2,6,漏洞,
191958,2,2,6,演员,
100614,2,2,6,漫画,
182910,2,2,6,漫畫,
52385,2,2,6,澳门,
39624,2,2,6,激情,
52906,2,2,6,点击,
96332,2,2,6,点评,
158165,2,2,6,点赞,
146251,2,2,6,热点,
61459,2,2,6,热线,
91232,2,2,6,热门,
41241,2,2,6,無料,
119014,2,2,6,然后,
73497,2,2,6,然而,
87044,2,2,6,照片,
71692,2,2,6,熟女,
53190,2,2,6,熟妇,
172381,2,2,6,熱門,
155305,2,2,6,爆乳,
157179,2,2,6,爱情,
191899,2,2,6,爱的,
197082,2,2,6,爸爸,
134417,2,2,6,爽爽,
39761,2,2,6,版本,
51849,2,2,6,版权,
126019,2,2,6,牛牛,
173513,2,2,6,牢记,
189209,2,2,6,物业,
136636,2,2,6,物流,
76940,2,2,6,牲交,
84951,2,2,6,特别,
183653,2,2,6,特徴,
153508,2,2,6,特殊,
153119,2,2,6,特点,
46916,2,2,6,特码,
69537,2,2,6,特色,
115844,2,2,6,特马,
59549,2,2,6,特黄,
115494,2,2,6,犯法,
119772,2,2,6,犯罪,
51954,2,2,6,状态,
175682,2,2,6,状態,
133597,2,2,6,狐狸,
34256,2,2,6,狠狠,
170979,2,2,6,独胆,
184397,2,2,6,狼人,
192819,2,2,6,猛烈,
168043,2,2,6,猜你,
53283,2,2,6,玄机,
131529,2,2,6,玖玖,
113780,2,2,6,玩吗,
107585,2,2,6,玩家,
26666,2,2,6,玩法,
162867,2,2,6,玩的,
196090,2,2,6,环亚,
138611,2,2,6,环保,
66735,2,2,6,环境,
129034,2,2,6,环球,
109423,2,2,6,现代,
50399,2,2,6,现在,
34091,2,2,6,现场,
156088,2,2,6,现实,
42260,2,2,6,现金,
96436,2,2,6,現在,
168589,2,2,6,球队,
116368,2,2,6,理念,
133602,2,2,6,理由,
171002,2,2,6,理解,
76579,2,2,6,理论,
109273,2,2,6,琪琪,
121869,2,2,6,甚至,
59450,2,2,6,生产,
82062,2,2,6,生命,
105653,2,2,6,生态,
70033,2,2,6,生成,
128225,2,2,6,生日,
32479,2,2,6,生活,
36484,2,2,6,生肖,
117018,2,2,6,產品,
185214,2,2,6,用了,
157780,2,2,6,用于,
88345,2,2,6,用品,
24367,2,2,6,用户,
196234,2,2,6,用途,
169484,2,2,6,由于,
30129,2,2,6,申博,
64852,2,2,6,申请,
40959,2,2,6,电子,
14830,2,2,6,电影,
101240,2,2,6,电玩,
48679,2,2,6,电竞,
29648,2,2,6,电脑,
68430,2,2,6,电视,
21526,2,2,6,电话,
25387,2,2,6,男人,
88949,2,2,6,男女,
178072,2,2,6,男子,
138961,2,2,6,男性,
102287,2,2,6,画像,
115390,2,2,6,留下,
74213,2,2,6,留言,
86656,2,2,6,番号,
131105,2,2,6,疫情,
164287,2,2,6,疯狂,
178352,2,2,6,疾病,
179489,2,2,6,病例,
158460,2,2,6,病毒,
128271,2,2,6,発売,
95707,2,2,6,発送,
39652,2,2,6,登入,
16185,2,2,6,登录,
180100,2,2,6,登记,
119958,2,2,6,登録,
31693,2,2,6,登陆,
192884,2,2,6,發布,
148391,2,2,6,白浆,
176852,2,2,6,白菜,
99535,2,2,6,百万,
105597,2,2,6,百分,
46551,2,2,6,百度,
69162,2,2,6,百科,
64579,2,2,6,的一,
184286,2,2,6,的不,
62634,2,2,6,的人,
15766,2,2,6,的吗,
134637,2,2,6,的大,
117178,2,2,6,的小,
170233,2,2,6,的新,
47110,2,2,6,的是,
130892,2,2,6,的话,
156880,2,2,6,的钱,
99752,2,2,6,皇冠,
181722,2,2,6,皇家,
110696,2,2,6,盈利,
100165,2,2,6,监听,
171816,2,2,6,监察,
105922,2,2,6,监督,
132922,2,2,6,监管,
178148,2,2,6,盒彩,
147084,2,2,6,盘口,
36661,2,2,6,目前,
91520,2,2,6,目录,
73856,2,2,6,目标,
101991,2,2,6,目的,
172575,2,2,6,直到,
22599,2,2,6,直属,
69529,2,2,6,直接,
22592,2,2,6,直播,
111360,2,2,6,直营,
192342,2,2,6,直选,
179058,2,2,6,相信,
25594,2,2,6,相关,
169581,2,2,6,相比,
147983,2,2,6,相談,
127900,2,2,6,相關,
139987,2,2,6,省委,
97444,2,2,6,看到,
151027,2,2,6,看来,
47668,2,2,6,看片,
98865,2,2,6,看的,
110218,2,2,6,看看,
34611,2,2,6,真人,
73736,2,2,6,真假,
49995,2,2,6,真实,
161689,2,2,6,真正,
52810,2,2,6,真的,
128749,2,2,6,真钱,
125006,2,2,6,知乎,
89447,2,2,6,知识,
51000,2,2,6,知道,
159470,2,2,6,短信,
142275,2,2,6,研发,
39315,2,2,6,研究,
25829,2,2,6,破解,
149286,2,2,6,确保,
89158,2,2,6,确定,
116276,2,2,6,确认,
158552,2,2,6,碰碰,
114862,2,2,6,確認,
136971,2,2,6,礼包,
36798,2,2,6,社会,
53454,2,2,6,社区,
156953,2,2,6,社員,
175483,2,2,6,神器,
178361,2,2,6,神算,
178103,2,2,6,神马,
125493,2,2,6,祥云,
65341,2,2,6,禁止,
18543,2,2,6,福利,
161489,2,2,6,福建,
50665,2,2,6,福彩,
149412,2,2,6,私人,
155612,2,2,6,私彩,
60916,2,2,6,科学,
48582,2,2,6,科技,
138760,2,2,6,科研,
140681,2,2,6,秒速,
196662,2,2,6,秘书,
180419,2,2,6,秘密,
128685,2,2,6,秘籍,
157452,2,2,6,秘诀,
121955,2,2,6,积分,
102871,2,2,6,积极,
100872,2,2,6,移动,
57376,2,2,6,程序,
113793,2,2,6,程度,
73315,2,2,6,税込,
175617,2,2,6,種類,
69518,2,2,6,稳定,
69273,2,2,6,稳赚,
80249,2,2,6,稳赢,
189428,2,2,6,空气,
96007,2,2,6,空间,
197600,2,2,6,突出,
173310,2,2,6,突然,
160861,2,2,6,突破,
165707,2,2,6,窗口,
94906,2,2,6,立即,
138706,2,2,6,竞争,
83490,2,2,6,竞彩,
153260,2,2,6,竞技,
58992,2,2,6,竞猜,
143004,2,2,6,章节,
169148,2,2,6,符合,
30035,2,2,6,第一,
71773,2,2,6,第三,
51007,2,2,6,第二,
182171,2,2,6,第五,
103145,2,2,6,第四,
46402,2,2,6,等奖,
161445,2,2,6,等待,
178513,2,2,6,等等,
154747,2,2,6,等级,
103758,2,2,6,答案,
179212,2,2,6,策略,
141259,2,2,6,签到,
57942,2,2,6,简介,
105562,2,2,6,简单,
112720,2,2,6,简称,
92149,2,2,6,算法,
104596,2,2,6,算盘,
25105,2,2,6,管理,
45642,2,2,6,篮球,
72686,2,2,6,米奇,
143381,2,2,6,类似,
139524,2,2,6,类别,
35756,2,2,6,类型,
184350,2,2,6,粉嫩,
62262,2,2,6,精准,
8085,2,2,6,精品,
100940,2,2,6,精彩,
68319,2,2,6,精神,
137668,2,2,6,精选,
51362,2,2,6,系列,
31936,2,2,6,系统,
145611,2,2,6,素材,
167534,2,2,6,累计,
108712,2,2,6,紹介,
166212,2,2,6,終了,
109178,2,2,6,経験,
109426,2,2,6,結果,
141827,2,2,6,給与,
86330,2,2,6,絲襪,
105931,2,5,15,続きを読む,
117491,2,2,6,網址,
61634,2,2,6,網站,
155743,2,2,6,編集,
61200,2,2,6,红包,
195265,2,2,6,红姐,
171318,2,2,6,红鹰,
145529,2,2,6,纪委,
178639,2,2,6,纪录,
141471,2,2,6,纪律,
174882,2,2,6,纽约,
58771,2,2,6,线上,
168777,2,2,6,线程,
183247,2,2,6,线蕉,
82439,2,2,6,线路,
165468,2,2,6,组三,
179447,2,2,6,组件,
164803,2,2,6,组六,
147900,2,2,6,组合,
175120,2,2,6,组成,
55252,2,2,6,组织,
165986,2,2,6,组选,
173561,2,2,6,终于,
72849,2,2,6,经典,
146118,2,2,6,经历,
37447,2,2,6,经济,
103294,2,2,6,经理,
73331,2,2,6,经营,
115552,2,2,6,经过,
65297,2,2,6,经验,
94973,2,2,6,绑定,
136571,2,2,6,结合,
70118,2,2,6,结束,
92106,2,2,6,结构,
14784,2,2,6,结果,
177962,2,2,6,给予,
194656,2,2,6,给吗,
77629,2,2,6,统一,
57397,2,2,6,统计,
80518,2,2,6,继续,
185492,2,2,6,维修,
88592,2,2,6,维护,
9898,2,2,6,综合,
118474,2,2,6,绿色,
187519,2,2,6,缓存,
71920,2,2,6,编号,
118053,2,2,6,编码,
32831,2,2,6,编辑,
157437,2,2,6,缩水,
168947,2,2,6,缴情,
48179,2,2,6,网上,
64693,2,2,6,网友,
8994,2,2,6,网址,
85724,2,2,6,网投,
75819,2,2,6,网易,
6769,2,2,6,网站,
32997,2,2,6,网络,
184249,2,2,6,网赌,
35782,2,2,6,网页,
82567,2,2,6,罗斯,
42433,2,2,6,美元,
34838,2,2,6,美国,
31780,2,2,6,美女,
188559,2,2,6,美容,
102810,2,2,6,群众,
187532,2,2,6,老人,
177285,2,2,6,老太,
166762,2,2,6,老妇,
179108,2,2,6,老婆,
78286,2,2,6,老师,
176152,2,2,6,老師,
101706,2,2,6,老板,
188107,2,2,6,考虑,
111782,2,2,6,考试,
146351,2,2,6,而言,
102205,2,2,6,聊天,
103392,2,2,6,职业,
137971,2,2,6,职位,
168074,2,2,6,职责,
93865,2,2,6,联合,
85593,2,2,6,联盟,
20861,2,2,6,联系,
56381,2,2,6,联网,
167593,2,2,6,聯系,
113892,2,2,6,股份,
59342,2,2,6,股票,
115275,2,2,6,胆拖,
137292,2,2,6,胆码,
134874,2,2,6,背景,
71662,2,2,6,能力,
125845,2,2,6,能够,
78989,2,2,6,能源,
42692,2,2,6,腾讯,
196403,2,2,6,自主,
110755,2,2,6,自产,
63575,2,2,6,自动,
139008,2,2,6,自在,
39766,2,2,6,自己,
84359,2,2,6,自慰,
24368,2,2,6,自拍,
90966,2,2,6,自治,
116258,2,2,6,自然,
126584,2,2,6,自由,
183489,2,2,6,自行,
170577,2,2,6,自身,
184821,2,2,6,至尊,
190919,2,2,6,至少,
182622,2,2,6,舒服,
148155,2,2,6,航空,
40225,2,2,6,色情,
124708,2,2,6,色色,
93118,2,2,6,艺术,
114249,2,2,6,节点,
112754,2,2,6,节目,
105539,2,2,6,英国,
149099,2,2,6,英文,
156648,2,2,6,英语,
122969,2,2,6,英雄,
32176,2,2,6,苹果,
81114,2,2,6,范围,
183067,2,2,6,荣耀,
49424,2,2,6,获取,
77693,2,2,6,获得,
167078,2,2,6,菜单,
161398,2,2,6,菠菜,
143251,2,2,6,营业,
185008,2,2,6,营销,
195067,2,2,6,萬元,
94391,2,2,6,落实,
69053,2,2,6,葡京,
162712,2,2,6,董事,
131958,2,2,6,蒙古,
168473,2,2,6,藏宝,
69987,2,2,6,藝術,
45555,2,2,6,虎机,
121803,2,2,6,虽然,
97447,2,2,6,蛋蛋,
66475,2,2,6,蜘蛛,
191048,2,2,6,融合,
166187,2,2,6,融资,
65550,2,2,6,行业,
87375,2,2,6,行为,
89844,2,2,6,行动,
178648,2,2,6,行情,
102360,2,2,6,行政,
182248,2,2,6,表现,
27978,2,2,6,表示,
189977,2,2,6,表达,
139297,2,2,6,被骗,
180658,2,2,6,装修,
197776,2,2,6,装备,
110902,2,2,6,裸体,
143288,2,2,6,裸體,
160803,2,2,6,西亚,
187410,2,2,6,西游,
43247,2,2,6,要求,
161376,2,2,6,覆盖,
42584,2,2,6,視頻,
94466,2,2,6,觀看,
153159,2,2,6,观察,
110517,2,2,6,观点,
6426,2,2,6,观看,
83785,2,2,6,规划,
40623,2,2,6,规则,
63624,2,2,6,规定,
23249,2,2,6,规律,
173277,2,2,6,规格,
108479,2,2,6,规模,
110753,2,2,6,规范,
174228,2,2,6,视觉,
191647,2,2,6,视讯,
3939,2,2,6,视频,
143670,2,2,6,觉得,
98826,2,2,6,角色,
78819,2,2,6,解决,
115411,2,2,6,解析,
121351,2,2,6,解绑,
120975,2,2,6,解释,
161853,2,2,6,解除,
40091,2,2,6,記事,
197007,2,2,6,設備,
157652,2,2,6,設定,
108915,2,2,6,評価,
123138,2,2,6,評論,
72312,2,2,6,詳細,
152266,2,2,6,誘惑,
101127,2,2,6,説明,
108730,2,2,6,論壇,
161527,2,2,6,警方,
197523,2,2,6,護士,
9016,2,2,6,计划,
48479,2,2,6,计算,
66051,2,2,6,订单,
52559,2,2,6,认为,
194696,2,2,6,认可,
156684,2,2,6,认真,
57932,2,2,6,认证,
198526,2,2,6,认识,
98003,2,2,6,讨论,
196490,2,2,6,让我,
190090,2,2,6,训练,
165229,2,2,6,讯网,
26655,2,2,6,记录,
29755,2,2,6,记者,
177261,2,2,6,讲话,
128733,2,2,6,许可,
18623,2,2,6,论坛,
157833,2,2,6,论文,
71533,2,2,6,设备,
132027,2,2,6,设施,
35050,2,2,6,设置,
52417,2,2,6,设计,
87938,2,2,6,访问,
169795,2,2,6,诀窍,
105865,2,2,6,证券,
181167,2,2,6,证明,
98507,2,2,6,评价,
140117,2,2,6,评分,
161789,2,2,6,评级,
26652,2,2,6,评论,
152300,2,2,6,诈骗,
144817,2,2,6,试听,
156332,2,2,6,试玩,
133194,2,2,6,试看,
138379,2,2,6,诚信,
54913,2,2,6,详情,
51450,2,2,6,详细,
108329,2,2,6,语言,
59636,2,2,6,说明,
192493,2,2,6,说道,
54875,2,2,6,请求,
168079,2,2,6,读取,
178951,2,2,6,课堂,
106102,2,2,6,课程,
99531,2,2,6,调整,
81126,2,2,6,调查,
127587,2,2,6,调用,
97006,2,2,6,谢谢,
60794,2,2,6,豹子,
199893,2,2,6,財布,
112026,2,2,6,販売,
118599,2,2,6,資料,
171295,2,2,6,資格,
165207,2,2,6,資訊,
193023,2,2,6,質問,
102097,2,2,6,購入,
76260,2,2,6,负责,
181024,2,2,6,贡献,
124805,2,2,6,财富,
127642,2,2,6,财政,
142767,2,2,6,财神,
114606,2,2,6,财经,
33448,2,2,6,责任,
71134,2,2,6,责编,
54085,2,2,6,账号,
101839,2,2,6,账户,
63424,2,2,6,质量,
55756,2,2,6,购买,
49948,2,2,6,购彩,
133365,2,2,6,购物,
149569,2,2,6,贯彻,
62667,2,2,6,贴吧,
156799,2,2,6,贵州,
160696,2,2,6,贷款,
113187,2,2,6,贸易,
127054,2,2,6,费用,
142130,2,2,6,资产,
19185,2,2,6,资料,
129404,2,2,6,资本,
155918,2,2,6,资格,
22121,2,2,6,资源,
49510,2,2,6,资讯,
77680,2,2,6,资金,
37676,2,2,6,赌博,
46437,2,2,6,赌场,
144765,2,2,6,赌球,
66826,2,2,6,赔率,
34293,2,2,6,赚钱,
166431,2,2,6,赛事,
3752,2,2,6,赛车,
102881,2,2,6,赢家,
67512,2,2,6,赢钱,
16162,2,2,6,走势,
84634,2,2,6,起来,
25906,2,2,6,超碰,
113233,2,2,6,超级,
78790,2,2,6,超过,
136529,2,2,6,趋势,
61172,2,2,6,足彩,
28927,2,2,6,足球,
72099,2,2,6,跑狗,
181178,2,2,6,跑路,
160147,2,2,6,距离,
138852,2,2,6,跨度,
106007,2,2,6,路径,
165398,2,2,6,路线,
68323,2,2,6,身份,
135673,2,2,6,身体,
121798,2,2,6,転載,
177029,2,2,6,车型,
123628,2,2,6,车辆,
165383,2,2,6,转换,
65771,2,2,6,转载,
9941,2,2,6,软件,
94703,2,2,6,辅助,
73600,2,2,6,输了,
49400,2,2,6,输入,
106627,2,2,6,输出,
71361,2,2,6,输钱,
165101,2,2,6,辽宁,
135085,2,2,6,达人,
95957,2,2,6,达到,
80100,2,2,6,迅雷,
105829,2,2,6,过去,
149252,2,2,6,过滤,
61328,2,2,6,过程,
106487,2,2,6,运动,
78869,2,2,6,运营,
101966,2,2,6,运行,
160323,2,2,6,运输,
72593,2,2,6,近平,
69763,2,2,6,近日,
158576,2,2,6,近期,
113073,2,2,6,返信,
187180,2,2,6,返品,
33705,2,2,6,返回,
174099,2,2,6,返水,
89965,2,2,6,返点,
188914,2,2,6,返钱,
66099,2,2,6,还是,
78140,2,2,6,还有,
156586,2,2,6,还能,
104990,2,2,6,这一,
41713,2,2,6,这个,
131590,2,2,6,这么,
86283,2,2,6,这些,
135398,2,2,6,这是,
66698,2,2,6,这样,
109576,2,2,6,这种,
37227,2,2,6,这里,
54860,2,2,6,进入,
183933,2,2,6,进去,
116462,2,2,6,进口,
39070,2,2,6,进行,
174971,2,2,6,违反,
62115,2,2,6,违法,
132410,2,2,6,违规,
72838,2,2,6,连接,
133612,2,2,6,连续,
136463,2,2,6,追加,
46367,2,2,6,追号,
179896,2,2,6,追回,
128456,2,2,6,退休,
103992,2,2,6,退出,
162873,2,2,6,退款,
41554,2,2,6,送料,
59561,2,2,6,送钱,
89480,2,2,6,选五,
102203,2,2,6,选号,
89616,2,2,6,选四,
50077,2,2,6,选择,
166951,2,2,6,透明,
186062,2,2,6,透露,
184295,2,2,6,途中,
142228,2,2,6,通信,
133584,2,2,6,通常,
56970,2,2,6,通知,
163100,2,2,6,通讯,
125831,2,2,6,通販,
41257,2,2,6,通过,
164479,2,2,6,速報,
100609,2,2,6,速度,
121313,2,2,6,造成,
185041,2,2,6,週間,
104442,2,2,6,道人,
189278,2,2,6,道路,
70259,2,2,6,遗漏,
183238,2,2,6,避免,
21304,2,2,6,邀请,
91304,2,2,6,那个,
70892,2,2,6,那么,
142960,2,2,6,那些,
104585,2,2,6,那里,
151733,2,2,6,邮件,
85907,2,2,6,邮箱,
69424,2,2,6,部分,
152384,2,2,6,部署,
160260,2,2,6,部长,
63008,2,2,6,部门,
130597,2,2,6,都会,
136453,2,2,6,都市,
78710,2,2,6,都是,
166820,2,2,6,都有,
95483,2,2,6,配置,
117797,2,2,6,配送,
80711,2,2,6,酒店,
156299,2,2,6,采取,
167431,2,2,6,采用,
157949,2,2,6,采访,
119468,2,2,6,采购,
194509,2,2,6,释放,
100714,2,2,6,里的,
78437,2,2,6,里面,
171789,2,2,6,重复,
115654,2,2,6,重大,
6554,2,2,6,重庆,
102388,2,2,6,重新,
87223,2,2,6,重点,
52572,2,2,6,重要,
150079,2,2,6,重量,
148374,2,2,6,金币,
90957,2,2,6,金沙,
106323,2,2,6,金花,
72400,2,2,6,金融,
69989,2,2,6,金额,
175164,2,2,6,銀行,
130935,2,2,6,针对,
183364,2,2,6,钱包,
193325,2,2,6,铁路,
122660,2,2,6,银河,
43802,2,2,6,银行,
16100,2,2,6,链接,
55456,2,2,6,销售,
170670,2,2,6,销量,
52765,2,2,6,错误,
136903,2,2,6,长度,
120936,2,2,6,长期,
173431,2,2,6,长沙,
93362,2,2,6,长龙,
126778,2,2,6,開催,
171543,2,2,6,開始,
80885,2,2,6,関連,
143552,2,2,6,閱讀,
170642,2,2,6,门户,
28917,2,2,6,问题,
33427,2,2,6,阅读,
76430,2,2,6,阳县,
86919,2,2,6,阳市,
134712,2,2,6,阶段,
105550,2,2,4,阿v,
94047,2,2,6,附件,
171705,2,2,6,附近,
162245,2,2,6,降低,
126480,2,2,6,限制,
125261,2,2,6,限定,
176853,2,2,6,陕西,
149866,2,2,6,除了,
195581,2,2,6,除此,
131483,2,2,6,随后,
104292,2,2,6,随机,
109612,2,2,6,随着,
140194,2,2,6,隐藏,
192241,2,2,6,雅黑,
131890,2,2,6,集中,
180888,2,2,6,集合,
38730,2,2,6,集团,
190018,2,2,6,雪球,
86268,2,2,6,零钱,
133492,2,2,6,電子,
32604,2,2,6,電影,
71051,2,2,6,電話,
99952,2,2,6,需求,
41456,2,2,6,需要,
138459,2,2,6,露脸,
181256,2,2,6,霸王,
106803,2,2,6,青年,
153251,2,2,6,青春,
61015,2,2,6,青草,
28194,2,2,6,青青,
71165,2,2,6,非常,
132085,2,2,6,非法,
28271,2,2,6,靠谱,
172966,2,2,6,面对,
154140,2,2,6,面的,
104540,2,2,6,面积,
175366,2,2,6,革命,
52199,2,2,6,韩国,
105449,2,2,6,音乐,
156397,2,2,6,順位,
58682,2,2,6,页面,
180294,2,2,6,顶部,
41559,2,2,6,项目,
24265,2,2,6,预测,
130436,2,2,6,预算,
175947,2,2,6,预约,
104511,2,2,6,预计,
186846,2,2,6,领先,
70938,2,2,6,领取,
89497,2,2,6,领域,
79241,2,2,6,领奖,
67738,2,2,6,领导,
95364,2,2,6,频道,
107043,2,2,6,颜色,
175748,2,2,6,额度,
86054,2,2,6,風吹,
86165,2,4,12,風吹けば,
89903,2,2,6,风险,
146615,2,2,6,飞机,
45137,2,2,6,飞艇,
90640,2,2,6,食品,
114030,2,2,6,首先,
165322,2,2,6,首次,
184201,2,2,6,首頁,
26461,2,2,6,首页,
23485,2,2,6,香港,
17745,2,2,6,香蕉,
150596,2,2,6,马上,
33731,2,2,6,马会,
199502,2,2,6,马克,
97118,2,2,6,马报,
178717,2,2,6,驾驶,
60484,2,2,6,验证,
77892,2,2,6,骗人,
95373,2,2,6,骗子,
30577,2,2,6,骗局,
165376,2,2,6,高中,
127582,2,2,6,高度,
43577,2,2,6,高手,
141465,2,2,6,高校,
11581,2,2,6,高清,
41886,2,2,6,高潮,
169129,2,2,6,高级,
152141,2,2,6,高速,
194854,2,2,6,鱼儿,
199736,2,2,6,麻将,
171649,2,2,6,麻豆,
124195,2,2,6,黃色,
175437,2,2,6,黄片,
55182,2,2,6,黄色,
103768,2,2,6,黄金,
98849,2,2,6,黑人,
122669,2,2,6,黑彩,
127574,2,2,6,黑钱,
89915,2,2,6,默认,
132292,2,2,6,龙江,
61680,2,2,6,龙虎,
145426,2,3,9,（税込,
123307,2,3,9,（记者,
195557,2,3,9,，一个,
195696,2,3,9,，不过,
68576,2,3,9,，中国,
177476,2,3,9,，也是,
108302,2,3,9,，今年,
140581,2,3,9,，他们,
168612,2,3,9,，以及,
101358,2,3,9,，但是,
197279,2,3,9,，例如,
197842,2,3,9,，全国,
183391,2,3,9,，公司,
72490,2,3,9,，其中,
191787,2,3,9,，加强,
120838,2,3,9,，包括,
105205,2,3,9,，北京,
103387,2,3,9,，可以,
121744,2,3,9,，同时,
86899,2,3,9,，同比,
182619,2,3,9,，否则,
133056,2,3,9,，因为,
117167,2,3,9,，因此,
156107,2,3,9,，坚持,
91179,2,3,9,，如果,
152463,2,3,9,，实现,
181124,2,3,9,，对于,
168075,2,3,9,，就是,
166035,2,3,9,，希望,
69072,2,3,9,，我们,
136215,2,3,9,，截至,
102981,2,3,9,，所以,
164000,2,3,9,，提高,
153477,2,3,9,，日本,
189620,2,3,9,，根据,
151451,2,3,9,，比如,
134677,2,3,9,，没有,
174667,2,3,9,，然后,
187304,2,3,9,，现在,
100963,2,3,9,，目前,
128566,2,3,9,，美国,
154371,2,3,9,，而且,
191263,2,3,9,，谢谢,
179484,2,3,9,，还有,
144316,2,3,9,，这是,
136876,2,3,9,，通过,
146795,2,3,9,，那么,
196764,2,3,9,，需要,
190819,2,3,9,，非常,
181424,2,3,9,／久久,
107958,2,3,9,：中国,
134036,2,3,9,：首页,
171370,2,3,9,＠実況,
90602,2,5,15,＠恐縮です,
144437,2,3,9,＿久久,
85338,2,3,9,＿亚洲,
186235,2,3,9,＿国产,
90484,2,3,9,＿天天,
97832,2,3,9,＿日本,
161695,2,3,9,＿欧美,
69142,2,3,9,￣亚洲,
78023,2,3,9,￣奇米,
188889,2,3,7,�客邦,
73210,2,3,7,�蛛词,
